id,name,model_id:id,group_id:id,perm_read,perm_write,perm_create,perm_unlink
sys_constant_partner,sys.constant,configurations.model_sys_constant,group_proj_partner,1,0,0,0
oa_staff_basic_partner,oa.staff.basic,oa.model_oa_staff_basic,group_proj_partner,1,0,0,0
oa_admin_org_partner,oa.admin.org,configurations.model_oa_admin_org,group_proj_partner,1,0,0,0
oa_admin_role_partner,oa.admin.role,configurations.model_oa_admin_role,group_proj_partner,1,0,0,0
pm_common_subject_partner,pm.common.subject,configurations.model_pm_common_subject,group_proj_partner,1,0,0,0
pm_init_basic_partner,pm.init.basic,model_pm_init_basic,group_proj_partner,0,0,0,0
pm_init_proj_apply_partner,pm.init.proj.apply,model_pm_init_proj_apply,group_proj_partner,1,0,0,0
pm_init_proj_team_partner,pm.init.proj.team,model_pm_init_proj_team,group_proj_partner,1,0,0,0
oa_project_role_partner,oa.project.role,configurations.model_oa_project_role,group_proj_partner,1,0,0,0
pm_fund_account_partner,pm.fund.account,model_pm_fund_account,group_proj_partner,1,0,0,0
pm_fund_assignplan_partner,pm.fund.assignplan,model_pm_fund_assignplan,group_proj_partner,1,0,0,0
pm_fund_arrived_partner,pm.fund.arrived,model_pm_fund_arrived,group_proj_partner,1,0,0,0
pm_fund_proj_monthplan_partner,pm.fund.proj.monthplan,model_pm_fund_proj_monthplan,group_proj_partner,1,0,0,0
pm_fund_proj_monthplan_detail_partner,pm.fund.proj.monthplan.detail,model_pm_fund_proj_monthplan_detail,group_proj_partner,1,0,0,0
pm_fund_use_apply_partner,pm.fund.use.apply,model_pm_fund_use_apply,group_proj_partner,1,1,1,0
pm_fund_aptrip_info_partner,pm.fund.aptrip.info,model_pm_fund_aptrip_info,group_proj_partner,1,1,1,0
pm_fund_goods_info_partner,pm.fund.goods.info,model_pm_fund_goods_info,group_proj_partner,1,1,1,0
pm_fund_bc_apply_partner,pm.fund.bc.apply,model_pm_fund_bc_apply,group_proj_partner,1,0,0,0
pm_fund_budget_version_partner,pm.fund.budget.version,model_pm_fund_budget_version,group_proj_partner,1,0,0,0
pm_fund_budget_version_detail_partner,pm.fund.budget.version.detail,model_pm_fund_budget_version_detail,group_proj_partner,1,0,0,0
pm_impl_month_plan_partner,pm.impl.month.plan,model_pm_impl_month_plan,group_proj_partner,1,0,0,0
pm_impl_month_content_partner,pm.impl.month.content,model_pm_impl_month_content,group_proj_partner,1,0,0,0
pm_impl_quarter_plan_partner,pm.impl.quarter.plan,model_pm_impl_quarter_plan,group_proj_partner,1,0,0,0
pm_impl_organ_month_plan_partner,pm.impl.organ.month.plan,model_pm_impl_organ_month_plan,group_proj_partner,0,0,0,0
pm_impl_organ_plan_content_partner,pm.impl.organ.plan.content,model_pm_impl_organ_plan_content,group_proj_partner,1,0,0,0
pm_impl_check_plan_partner,pm.impl.check.plan,model_pm_impl_check_plan,group_proj_partner,1,0,0,0
pm_impl_project_list_partner,pm.impl.project.list,model_pm_impl_project_list,group_proj_partner,1,0,0,0
pm_impl_file_list_partner,pm.impl.file.list,model_pm_impl_file_list,group_proj_partner,1,0,0,0
pm_impl_inform_officer_partner,pm.impl.inform.officer,model_pm_impl_inform_officer,group_proj_partner,1,0,0,0
pm_impl_file_upload_partner,pm.impl.file.upload,model_pm_impl_file_upload,group_proj_partner,1,0,0,0
pm_impl_file_attach_partner,pm.impl.file.attach,model_pm_impl_file_attach,group_proj_partner,1,0,0,0
pm_impl_check_result_partner,pm.impl.check.result,model_pm_impl_check_result,group_proj_partner,1,0,0,0
pm_impl_check_result_attach_partner,pm.impl.check.result.attach,model_pm_impl_check_result_attach,group_proj_partner,1,0,0,0
pm_impl_procedural_document_partner,pm.impl.procedural.document,model_pm_impl_procedural_document,group_proj_partner,1,0,0,0
pm_impl_version_info_partner,pm.impl.version.info,model_pm_impl_version_info,group_proj_partner,1,0,0,0
pm_impl_update_partner,pm.impl.update,model_pm_impl_update,group_proj_partner,1,0,0,0
pm_impl_staff_baseline_partner,pm.impl.staff.baseline,model_pm_impl_staff_baseline,group_proj_partner,1,0,0,0
pm_impl_staff_baseline_version_partner,pm.impl.staff.baseline.version,model_pm_impl_staff_baseline_version,group_proj_partner,1,0,0,0
pm_impl_plan_baseline_partner,pm.impl.plan.baseline,model_pm_impl_plan_baseline,group_proj_partner,1,0,0,0
pm_impl_plan_baseline_version_partner,pm.impl.plan.baseline.version,model_pm_impl_plan_baseline_version,group_proj_partner,1,0,0,0
pm_impl_task_partner,pm.impl.task,model_pm_impl_task,group_proj_partner,1,0,0,0
pm_impl_task_stage_partner,pm.impl.task.stage,model_pm_impl_task_stage,group_proj_partner,1,0,0,0
pm_impl_task_project_partner,pm.impl.task.project,model_pm_impl_task_project,group_proj_partner,1,0,0,0
pm_impl_plan_execution_statistics_partner,pm.impl.plan.execution.statistics,model_pm_impl_plan_execution_statistics,group_proj_partner,0,0,0,0
pm_init_proj_schedule_partner,pm.init.proj.schedule,model_pm_init_proj_schedule,group_proj_partner,1,0,0,0
pm_init_proj_purchase_partner,pm.init.proj.purchase,model_pm_init_proj_purchase,group_proj_partner,1,0,0,0
pm_init_budget_partner,pm.init.budget,model_pm_init_budget,group_proj_partner,1,0,0,0
pm_init_reply_infos_partner,pm.init.reply.infos,model_pm_init_reply_infos,group_proj_partner,1,0,0,0
pm_techservice_plan_partner,pm.techservice.plan,model_pm_techservice_plan,group_proj_partner,1,0,0,0
pm_techservice_init_partner,pm.techservice.init,model_pm_techservice_init,group_proj_partner,1,0,0,0
pm_techservice_check_partner,pm.techservice.check,model_pm_techservice_check,group_proj_partner,1,0,0,0
pm_techservice_check_attachment_partner,pm.techservice.check.attachment,model_pm_techservice_check_attachment,group_proj_partner,1,0,0,0
pm_techservice_document_partner,pm.techservice.document,model_pm_techservice_document,group_proj_partner,1,0,0,0
pm_techservice_document_version_partner,pm.techservice.document.version,model_pm_techservice_document_version,group_proj_partner,1,0,0,0
pm_techservice_acceptance_partner,pm.techservice.acceptance,model_pm_techservice_acceptance,group_proj_partner,1,0,0,0
pm_techservice_unit_acceptance_attachment_partner,pm.techservice.unit.acceptance.attachment,model_pm_techservice_unit_acceptance_attachment,group_proj_partner,1,0,0,0
pm_techservice_rd_acceptance_attachment_partner,pm.techservice.rd.acceptance.attachment,model_pm_techservice_rd_acceptance_attachment,group_proj_partner,1,0,0,0
pm_purchase_plan_partner,pm.purchase.plan,model_pm_purchase_plan,group_proj_partner,1,0,0,0
pm_purchase_plan_goods_partner,pm.purchase.plan.goods,model_pm_purchase_plan_goods,group_proj_partner,1,0,0,0
pm_purchase_zb_bd_partner,pm.purchase.zb.bd,model_pm_purchase_zb_bd,group_proj_partner,1,0,0,0
pm_purchase_zb_bd_detail_partner,pm.purchase.zb.bd.detail,model_pm_purchase_zb_bd_detail,group_proj_partner,1,0,0,0
pm_purchase_result_partner,pm.purchase.result,model_pm_purchase_result,group_proj_partner,1,0,0,0
pm_purchase_zb_goods_partner,pm.purchase.zb.goods,model_pm_purchase_zb_goods,group_proj_partner,1,0,0,0
pm_purchase_pb_result_partner,pm.purchase.pb.result,model_pm_purchase_pb_result,group_proj_partner,1,0,0,0
pm_purchase_sb_result_partner,pm.purchase.sb.result,model_pm_purchase_sb_result,group_proj_partner,1,0,0,0
pm_purchase_tp_result_partner,pm.purchase.tp.result,model_pm_purchase_tp_result,group_proj_partner,1,0,0,0
pm_purchase_tp_suggest_partner,pm.purchase.tp.suggest,model_pm_purchase_tp_suggest,group_proj_partner,1,0,0,0
pm_purchase_trace_partner,pm.purchase.trace,model_pm_purchase_trace,group_proj_partner,1,0,0,0
pm_purchase_goods_arrival_partner,pm.purchase.goods.arrival,model_pm_purchase_goods_arrival,group_proj_partner,1,0,0,0
pm_purchase_payment_partner,pm.purchase.payment,model_pm_purchase_payment,group_proj_partner,1,0,0,0
pm_purchase_last_goods_partner,pm.purchase.last.goods,model_pm_purchase_last_goods,group_proj_partner,1,0,0,0
pm_purchase_last_goods_detail_partner,pm.purchase.last.goods.detail,model_pm_purchase_last_goods_detail,group_proj_partner,1,0,0,0
pm_archives_project_archives_partner,pm.archives.project.archives,model_pm_archives_project_archives,group_proj_partner,1,0,0,0
pm_archives_project_archives_directory_partner,pm.archives.project.archives.directory,model_pm_archives_project_archives_directory,group_proj_partner,1,0,0,0
pm_achievement_award_partner,pm.achievement.award,model_pm_achievement_award,group_proj_partner,1,1,1,1
pm_achievement_award_personlist_partner,pm.achievement.award.personlist,model_pm_achievement_award_personlist,group_proj_partner,1,1,1,1
pm_achievement_criterion_partner,pm.achievement.criterion,model_pm_achievement_criterion,group_proj_partner,1,1,1,1
pm_achievement_paper_partner,pm.achievement.paper,model_pm_achievement_paper,group_proj_partner,1,1,1,1
pm_achievement_paper_author_partner,pm.achievement.paper.author,model_pm_achievement_paper_author,group_proj_partner,1,1,1,1
pm_achievement_patent_partner,pm.achievement.patent,model_pm_achievement_patent,group_proj_partner,1,1,1,1
pm_achievement_software_copyright_partner,pm.achievement.software.copyright,model_pm_achievement_software_copyright,group_proj_partner,1,1,1,1
pm_init_proposal_document_partner,pm.proposal.documents,model_pm_proposal_documents,group_proj_partner,0,0,0,0
pm_init_proposal_version_document_partner,pm.proposal.version.info,model_pm_proposal_version_info,group_proj_partner,0,0,0,0
,,,,,,,
sys_constant_manager,sys.constant,configurations.model_sys_constant,group_proj_manager,1,0,0,0
oa_staff_basic_manager,oa.staff.basic,oa.model_oa_staff_basic,group_proj_manager,1,1,1,0
oa_admin_org_manager,oa.admin.org,configurations.model_oa_admin_org,group_proj_manager,1,1,1,0
oa_admin_role_manager,oa.admin.role,configurations.model_oa_admin_role,group_proj_manager,1,1,1,0
pm_common_subject_manager,pm.common.subject,configurations.model_pm_common_subject,group_proj_manager,1,0,0,0
pm_init_basic_manager,pm.init.basic,model_pm_init_basic,group_proj_manager,1,1,1,1
pm_init_proj_apply_manager,pm.init.proj.apply,model_pm_init_proj_apply,group_proj_manager,1,1,1,1
pm_init_proj_team_manager,pm.init.proj.team,model_pm_init_proj_team,group_proj_manager,1,1,1,1
oa_project_role_manager,oa.project.role,configurations.model_oa_project_role,group_proj_manager,1,1,1,0
pm_fund_account_manager,pm.fund.account,model_pm_fund_account,group_proj_manager,1,0,0,0
pm_fund_assignplan_manager,pm.fund.assignplan,model_pm_fund_assignplan,group_proj_manager,1,0,0,0
pm_fund_arrived_manager,pm.fund.arrived,model_pm_fund_arrived,group_proj_manager,1,0,0,0
pm_fund_proj_monthplan_manager,pm.fund.proj.monthplan,model_pm_fund_proj_monthplan,group_proj_manager,1,1,1,0
pm_fund_proj_monthplan_detail_manager,pm.fund.proj.monthplan.detail,model_pm_fund_proj_monthplan_detail,group_proj_manager,1,1,1,0
pm_fund_use_apply_manager,pm.fund.use.apply,model_pm_fund_use_apply,group_proj_manager,1,1,1,0
pm_fund_aptrip_info_manager,pm.fund.aptrip.info,model_pm_fund_aptrip_info,group_proj_manager,1,1,1,1
pm_fund_goods_info_manager,pm.fund.goods.info,model_pm_fund_goods_info,group_proj_manager,1,1,1,1
pm_fund_bc_apply_manager,pm.fund.bc.apply,model_pm_fund_bc_apply,group_proj_manager,1,1,1,0
pm_fund_budget_version_manager,pm.fund.budget.version,model_pm_fund_budget_version,group_proj_manager,1,1,1,0
pm_fund_budget_version_detail_manager,pm.fund.budget.version.detail,model_pm_fund_budget_version_detail,group_proj_manager,1,1,1,0
pm_impl_month_plan_manager,pm.impl.month.plan,model_pm_impl_month_plan,group_proj_manager,1,1,1,1
pm_impl_month_content_manager,pm.impl.month.content,model_pm_impl_month_content,group_proj_manager,1,1,1,1
pm_impl_quarter_plan_manager,pm.impl.quarter.plan,model_pm_impl_quarter_plan,group_proj_manager,1,1,1,0
pm_impl_organ_month_plan_manager,pm.impl.organ.month.plan,model_pm_impl_organ_month_plan,group_proj_manager,0,0,0,0
pm_impl_organ_plan_content_manager,pm.impl.organ.plan.content,model_pm_impl_organ_plan_content,group_proj_manager,1,0,0,0
pm_impl_check_plan_manager,pm.impl.check.plan,model_pm_impl_check_plan,group_proj_manager,1,0,0,0
pm_impl_project_list_manager,pm.impl.project.list,model_pm_impl_project_list,group_proj_manager,1,0,0,0
pm_impl_file_list_manager,pm.impl.file.list,model_pm_impl_file_list,group_proj_manager,1,0,0,0
pm_impl_inform_officer_manager,pm.impl.inform.officer,model_pm_impl_inform_officer,group_proj_manager,1,0,0,0
pm_impl_file_upload_manager,pm.impl.file.upload,model_pm_impl_file_upload,group_proj_manager,1,1,1,1
pm_impl_file_attach_manager,pm.impl.file.attach,model_pm_impl_file_attach,group_proj_manager,1,1,1,1
pm_impl_check_result_manager,pm.impl.check.result,model_pm_impl_check_result,group_proj_manager,1,1,1,1
pm_impl_check_result_attach_manager,pm.impl.check.result.attach,model_pm_impl_check_result_attach,group_proj_manager,1,1,1,1
pm_impl_procedural_document_manager,pm.impl.procedural.document,model_pm_impl_procedural_document,group_proj_manager,1,1,1,1
pm_impl_version_info_manager,pm.impl.version.info,model_pm_impl_version_info,group_proj_manager,1,1,1,0
pm_impl_update_manager,pm.impl.update,model_pm_impl_update,group_proj_manager,1,1,1,1
pm_impl_staff_baseline_manager,pm.impl.staff.baseline,model_pm_impl_staff_baseline,group_proj_manager,1,1,1,0
pm_impl_staff_baseline_version_manager,pm.impl.staff.baseline.version,model_pm_impl_staff_baseline_version,group_proj_manager,1,1,1,1
pm_impl_plan_baseline_manager,pm.impl.plan.baseline,model_pm_impl_plan_baseline,group_proj_manager,1,1,1,0
pm_impl_plan_baseline_version_manager,pm.impl.plan.baseline.version,model_pm_impl_plan_baseline_version,group_proj_manager,1,1,1,1
pm_impl_task_manager,pm.impl.task,model_pm_impl_task,group_proj_manager,1,1,1,1
pm_impl_task_stage_manager,pm.impl.task.stage,model_pm_impl_task_stage,group_proj_manager,1,1,1,1
pm_impl_task_project_manager,pm.impl.task.project,model_pm_impl_task_project,group_proj_manager,1,1,1,1
pm_impl_plan_execution_statistics_manager,pm.impl.plan.execution.statistics,model_pm_impl_plan_execution_statistics,group_proj_manager,1,1,1,0
pm_init_proj_schedule_manager,pm.init.proj.schedule,model_pm_init_proj_schedule,group_proj_manager,1,1,1,1
pm_init_proj_purchase_manager,pm.init.proj.purchase,model_pm_init_proj_purchase,group_proj_manager,1,1,1,1
pm_init_budget_manager,pm.init.budget,model_pm_init_budget,group_proj_manager,1,1,1,1
pm_init_reply_infos_manager,pm.init.reply.infos,model_pm_init_reply_infos,group_proj_manager,1,1,1,1
pm_acceptance_manager,pm.acceptance,model_pm_acceptance,group_proj_manager,1,1,1,1
pm_acceptance_attachments_manager,pm.acceptance.attachments,model_pm_acceptance_attachments,group_proj_manager,1,1,1,1
pm_techservice_plan_manager,pm.techservice.plan,model_pm_techservice_plan,group_proj_manager,1,1,1,0
pm_techservice_init_manager,pm.techservice.init,model_pm_techservice_init,group_proj_manager,1,1,1,0
pm_techservice_check_manager,pm.techservice.check,model_pm_techservice_check,group_proj_manager,1,1,1,0
pm_techservice_check_attachment_manager,pm.techservice.check.attachment,model_pm_techservice_check_attachment,group_proj_manager,1,1,1,1
pm_techservice_document_manager,pm.techservice.document,model_pm_techservice_document,group_proj_manager,1,1,1,1
pm_techservice_document_version_manager,pm.techservice.document.version,model_pm_techservice_document_version,group_proj_manager,1,1,1,1
pm_techservice_acceptance_manager,pm.techservice.acceptance,model_pm_techservice_acceptance,group_proj_manager,1,1,1,0
pm_techservice_unit_acceptance_attachment_manager,pm.techservice.unit.acceptance.attachment,model_pm_techservice_unit_acceptance_attachment,group_proj_manager,1,1,1,1
pm_techservice_rd_acceptance_attachment_manager,pm.techservice.rd.acceptance.attachment,model_pm_techservice_rd_acceptance_attachment,group_proj_manager,1,0,0,0
pm_purchase_plan_manager,pm.purchase.plan,model_pm_purchase_plan,group_proj_manager,1,1,1,1
pm_purchase_plan_goods_manager,pm.purchase.plan.goods,model_pm_purchase_plan_goods,group_proj_manager,1,1,1,1
pm_purchase_zb_bd_manager,pm.purchase.zb.bd,model_pm_purchase_zb_bd,group_proj_manager,1,1,1,1
pm_purchase_zb_bd_detail_manager,pm.purchase.zb.bd.detail,model_pm_purchase_zb_bd_detail,group_proj_manager,1,1,1,1
pm_purchase_result_manager,pm.purchase.result,model_pm_purchase_result,group_proj_manager,1,1,1,1
pm_purchase_zb_goods_manager,pm.purchase.zb.goods,model_pm_purchase_zb_goods,group_proj_manager,1,1,1,1
pm_purchase_pb_result_manager,pm.purchase.pb.result,model_pm_purchase_pb_result,group_proj_manager,1,1,1,1
pm_purchase_sb_result_manager,pm.purchase.sb.result,model_pm_purchase_sb_result,group_proj_manager,1,1,1,1
pm_purchase_tp_result_manager,pm.purchase.tp.result,model_pm_purchase_tp_result,group_proj_manager,1,1,1,1
pm_purchase_tp_suggest_manager,pm.purchase.tp.suggest,model_pm_purchase_tp_suggest,group_proj_manager,1,1,1,1
pm_purchase_trace_manager,pm.purchase.trace,model_pm_purchase_trace,group_proj_manager,1,1,1,0
pm_purchase_goods_arrival_manager,pm.purchase.goods.arrival,model_pm_purchase_goods_arrival,group_proj_manager,1,1,1,1
pm_purchase_payment_manager,pm.purchase.payment,model_pm_purchase_payment,group_proj_manager,1,1,1,1
pm_purchase_last_goods_manager,pm.purchase.last.goods,model_pm_purchase_last_goods,group_proj_manager,1,1,1,0
pm_purchase_last_goods_detail_manager,pm.purchase.last.goods.detail,model_pm_purchase_last_goods_detail,group_proj_manager,1,1,1,1
pm_archives_project_archives_manager,pm.archives.project.archives,model_pm_archives_project_archives,group_proj_manager,1,1,1,0
pm_archives_project_archives_directory_manager,pm.archives.project.archives.directory,model_pm_archives_project_archives_directory,group_proj_manager,1,1,1,0
pm_achievement_award_manager,pm.achievement.award,model_pm_achievement_award,group_proj_manager,1,1,1,1
pm_achievement_award_personlist_manager,pm.achievement.award.personlist,model_pm_achievement_award_personlist,group_proj_manager,1,1,1,1
pm_achievement_criterion_manager,pm.achievement.criterion,model_pm_achievement_criterion,group_proj_manager,1,1,1,1
pm_achievement_paper_manager,pm.achievement.paper,model_pm_achievement_paper,group_proj_manager,1,1,1,1
pm_achievement_paper_author_manager,pm.achievement.paper.author,model_pm_achievement_paper_author,group_proj_manager,1,1,1,1
pm_achievement_patent_manager,pm.achievement.patent,model_pm_achievement_patent,group_proj_manager,1,1,1,1
pm_achievement_software_copyright_manager,pm.achievement.software.copyright,model_pm_achievement_software_copyright,group_proj_manager,1,1,1,1
pm_init_proposal_document_manager,pm.proposal.documents,model_pm_proposal_documents,group_proj_manager,1,1,1,1
pm_init_proposal_version_document_manager,pm.proposal.version.info,model_pm_proposal_version_info,group_proj_manager,1,1,1,1
,,,,,,,
sys_constant_unit,sys.constant,configurations.model_sys_constant,group_unit_leaders,1,0,0,0
oa_staff_basic_unit,oa.staff.basic,oa.model_oa_staff_basic,group_unit_leaders,1,0,0,0
oa_admin_org_unit,oa.admin.org,configurations.model_oa_admin_org,group_unit_leaders,1,0,0,0
oa_admin_role_unit,oa.admin.role,configurations.model_oa_admin_role,group_unit_leaders,1,0,0,0
pm_common_subject_unit,pm.common.subject,configurations.model_pm_common_subject,group_unit_leaders,1,0,0,0
pm_init_basic_unit,pm.init.basic,model_pm_init_basic,group_unit_leaders,1,1,0,0
pm_init_proj_apply_unit,pm.init.proj.apply,model_pm_init_proj_apply,group_unit_leaders,1,1,1,0
pm_init_proj_team_unit,pm.init.proj.team,model_pm_init_proj_team,group_unit_leaders,1,1,0,0
oa_project_role_unit,oa.project.role,configurations.model_oa_project_role,group_unit_leaders,1,0,0,0
pm_fund_account_unit,pm.fund.account,model_pm_fund_account,group_unit_leaders,1,0,0,0
pm_fund_assignplan_unit,pm.fund.assignplan,model_pm_fund_assignplan,group_unit_leaders,1,0,0,0
pm_fund_arrived_unit,pm.fund.arrived,model_pm_fund_arrived,group_unit_leaders,1,0,0,0
pm_fund_proj_monthplan_unit,pm.fund.proj.monthplan,model_pm_fund_proj_monthplan,group_unit_leaders,1,1,0,0
pm_fund_proj_monthplan_detail_unit,pm.fund.proj.monthplan.detail,model_pm_fund_proj_monthplan_detail,group_unit_leaders,1,1,0,0
pm_fund_use_apply_unit,pm.fund.use.apply,model_pm_fund_use_apply,group_unit_leaders,1,1,1,0
pm_fund_aptrip_info_unit,pm.fund.aptrip.info,model_pm_fund_aptrip_info,group_unit_leaders,1,1,1,1
pm_fund_goods_info_unit,pm.fund.goods.info,model_pm_fund_goods_info,group_unit_leaders,1,1,1,1
pm_fund_bc_apply_unit,pm.fund.bc.apply,model_pm_fund_bc_apply,group_unit_leaders,1,1,0,0
pm_fund_budget_version_unit,pm.fund.budget.version,model_pm_fund_budget_version,group_unit_leaders,1,1,1,1
pm_fund_budget_version_detail_unit,pm.fund.budget.version.detail,model_pm_fund_budget_version_detail,group_unit_leaders,1,1,1,1
pm_impl_month_plan_unit,pm.impl.month.plan,model_pm_impl_month_plan,group_unit_leaders,1,1,0,0
pm_impl_month_content_unit,pm.impl.month.content,model_pm_impl_month_content,group_unit_leaders,1,0,0,0
pm_impl_quarter_plan_unit,pm.impl.quarter.plan,model_pm_impl_quarter_plan,group_unit_leaders,1,1,1,1
pm_impl_organ_month_plan_unit,pm.impl.organ.month.plan,model_pm_impl_organ_month_plan,group_unit_leaders,1,1,1,1
pm_impl_organ_plan_content_unit,pm.impl.organ.plan.content,model_pm_impl_organ_plan_content,group_unit_leaders,1,1,1,1
pm_impl_check_plan_unit,pm.impl.check.plan,model_pm_impl_check_plan,group_unit_leaders,1,0,0,0
pm_impl_project_list_unit,pm.impl.project.list,model_pm_impl_project_list,group_unit_leaders,1,0,0,0
pm_impl_file_list_unit,pm.impl.file.list,model_pm_impl_file_list,group_unit_leaders,1,0,0,0
pm_impl_inform_officer_unit,pm.impl.inform.officer,model_pm_impl_inform_officer,group_unit_leaders,1,0,0,0
pm_impl_file_upload_unit,pm.impl.file.upload,model_pm_impl_file_upload,group_unit_leaders,1,1,0,0
pm_impl_file_attach_unit,pm.impl.file.attach,model_pm_impl_file_attach,group_unit_leaders,1,0,0,0
pm_impl_check_result_unit,pm.impl.check.result,model_pm_impl_check_result,group_unit_leaders,1,0,0,0
pm_impl_check_result_attach_unit,pm.impl.check.result.attach,model_pm_impl_check_result_attach,group_unit_leaders,1,0,0,0
pm_impl_procedural_document_unit,pm.impl.procedural.document,model_pm_impl_procedural_document,group_unit_leaders,1,0,0,0
pm_impl_version_info_unit,pm.impl.version.info,model_pm_impl_version_info,group_unit_leaders,1,0,0,0
pm_impl_update_unit,pm.impl.update,model_pm_impl_update,group_unit_leaders,1,1,0,0
pm_impl_staff_baseline_unit,pm.impl.staff.baseline,model_pm_impl_staff_baseline,group_unit_leaders,1,1,1,1
pm_impl_staff_baseline_version_unit,pm.impl.staff.baseline.version,model_pm_impl_staff_baseline_version,group_unit_leaders,1,1,1,1
pm_impl_plan_baseline_unit,pm.impl.plan.baseline,model_pm_impl_plan_baseline,group_unit_leaders,1,1,1,1
pm_impl_plan_baseline_version_unit,pm.impl.plan.baseline.version,model_pm_impl_plan_baseline_version,group_unit_leaders,1,1,1,1
pm_impl_task_unit,pm.impl.task,model_pm_impl_task,group_unit_leaders,1,0,0,0
pm_impl_task_stage_unit,pm.impl.task.stage,model_pm_impl_task_stage,group_unit_leaders,1,0,0,0
pm_impl_task_project_unit,pm.impl.task.project,model_pm_impl_task_project,group_unit_leaders,1,0,0,0
pm_impl_plan_execution_statistics_unit,pm.impl.plan.execution.statistics,model_pm_impl_plan_execution_statistics,group_unit_leaders,1,1,0,0
pm_init_proj_schedule,pm.init.proj.schedule,model_pm_init_proj_schedule,group_unit_leaders,1,1,1,0
pm_init_proj_purchase,pm.init.proj.purchase,model_pm_init_proj_purchase,group_unit_leaders,1,1,1,0
pm_init_budget,pm.init.budget,model_pm_init_budget,group_unit_leaders,1,1,1,0
pm_init_reply_infos,pm.init.reply.infos,model_pm_init_reply_infos,group_unit_leaders,1,1,1,0
pm_techservice_plan_unit,pm.techservice.plan,model_pm_techservice_plan,group_unit_leaders,1,1,0,0
pm_techservice_init_unit,pm.techservice.init,model_pm_techservice_init,group_unit_leaders,1,0,0,0
pm_techservice_check_unit,pm.techservice.check,model_pm_techservice_check,group_unit_leaders,1,0,0,0
pm_techservice_check_attachment_unit,pm.techservice.check.attachment,model_pm_techservice_check_attachment,group_unit_leaders,1,0,0,0
pm_techservice_document_unit,pm.techservice.document,model_pm_techservice_document,group_unit_leaders,1,0,0,0
pm_techservice_document_version_unit,pm.techservice.document.version,model_pm_techservice_document_version,group_unit_leaders,1,0,0,0
pm_techservice_acceptance_unit,pm.techservice.acceptance,model_pm_techservice_acceptance,group_unit_leaders,1,0,0,0
pm_techservice_unit_acceptance_attachment_unitr,pm.techservice.unit.acceptance.attachment,model_pm_techservice_unit_acceptance_attachment,group_unit_leaders,1,0,0,0
pm_techservice_rd_acceptance_attachment_unit,pm.techservice.rd.acceptance.attachment,model_pm_techservice_rd_acceptance_attachment,group_unit_leaders,1,0,0,0
pm_acceptance_unit_leader,pm.acceptance,model_pm_acceptance,group_unit_leaders,1,1,0,0
pm_acceptance_attachments_unit_leader,pm.acceptance.attachments,model_pm_acceptance_attachments,group_unit_leaders,1,1,0,0
pm_purchase_plan_unit,pm.purchase.plan,model_pm_purchase_plan,group_unit_leaders,1,1,0,0
pm_purchase_plan_goods_unit,pm.purchase.plan.goods,model_pm_purchase_plan_goods,group_unit_leaders,1,1,0,0
pm_purchase_zb_bd_unit,pm.purchase.zb.bd,model_pm_purchase_zb_bd,group_unit_leaders,1,1,0,0
pm_purchase_zb_bd_detail_unit,pm.purchase.zb.bd.detail,model_pm_purchase_zb_bd_detail,group_unit_leaders,1,1,0,0
pm_purchase_result_unit,pm.purchase.result,model_pm_purchase_result,group_unit_leaders,1,1,0,0
pm_purchase_zb_goods_unit,pm.purchase.zb.goods,model_pm_purchase_zb_goods,group_unit_leaders,1,1,0,0
pm_purchase_pb_result_unit,pm.purchase.pb.result,model_pm_purchase_pb_result,group_unit_leaders,1,1,0,0
pm_purchase_sb_result_unit,pm.purchase.sb.result,model_pm_purchase_sb_result,group_unit_leaders,1,1,0,0
pm_purchase_tp_result_unit,pm.purchase.tp.result,model_pm_purchase_tp_result,group_unit_leaders,1,1,0,0
pm_purchase_tp_suggest_unit,pm.purchase.tp.suggest,model_pm_purchase_tp_suggest,group_unit_leaders,1,1,0,0
pm_purchase_trace_unit,pm.purchase.trace,model_pm_purchase_trace,group_unit_leaders,1,0,0,0
pm_purchase_goods_arrival_unit,pm.purchase.goods.arrival,model_pm_purchase_goods_arrival,group_unit_leaders,1,0,0,0
pm_purchase_payment_unit,pm.purchase.payment,model_pm_purchase_payment,group_unit_leaders,1,0,0,0
pm_purchase_last_goods_unit,pm.purchase.last.goods,model_pm_purchase_last_goods,group_unit_leaders,1,0,0,0
pm_purchase_last_goods_detail_unit,pm.purchase.last.goods.detail,model_pm_purchase_last_goods_detail,group_unit_leaders,1,0,0,0
pm_archives_project_archives_unit,pm.archives.project.archives,model_pm_archives_project_archives,group_unit_leaders,1,1,0,0
pm_archives_project_archives_directory_unit,pm.archives.project.archives.directory,model_pm_archives_project_archives_directory,group_unit_leaders,1,1,0,0
pm_achievement_award_unit,pm.achievement.award,model_pm_achievement_award,group_unit_leaders,1,1,1,1
pm_achievement_award_personlist_unit,pm.achievement.award.personlist,model_pm_achievement_award_personlist,group_unit_leaders,1,1,1,1
pm_achievement_criterion_unit,pm.achievement.criterion,model_pm_achievement_criterion,group_unit_leaders,1,1,1,1
pm_achievement_paper_unit,pm.achievement.paper,model_pm_achievement_paper,group_unit_leaders,1,1,1,1
pm_achievement_paper_author_unit,pm.achievement.paper.author,model_pm_achievement_paper_author,group_unit_leaders,1,1,1,1
pm_achievement_patent_unit,pm.achievement.patent,model_pm_achievement_patent,group_unit_leaders,1,1,1,1
pm_achievement_software_copyright_unit,pm.achievement.software.copyright,model_pm_achievement_software_copyright,group_unit_leaders,1,1,1,1
pm_init_proposal_document_unit,pm.proposal.documents,model_pm_proposal_documents,group_unit_leaders,1,1,0,0
pm_init_proposal_version_document_unit,pm.proposal.version.info,model_pm_proposal_version_info,group_unit_leaders,1,1,0,0
,,,,,,,
pm_init_basic_group_init_sapproved,pm.init.basic,model_pm_init_basic,group_init_sapproved,1,1,0,0
pm_init_proj_apply_group_init_sapproved,pm.init.proj.apply,model_pm_init_proj_apply,group_init_sapproved,1,1,1,0
pm_init_proj_team_group_init_sapproved,pm.init.proj.team,model_pm_init_proj_team,group_init_sapproved,1,1,0,0
pm_init_proj_schedule_group_init_sapproved,pm.init.proj.schedule,model_pm_init_proj_schedule,group_init_sapproved,1,1,0,0
pm_init_proj_purchase_group_init_sapproved,pm.init.proj.purchase,model_pm_init_proj_purchase,group_init_sapproved,1,1,0,0
pm_init_budget_group_init_sapproved,pm.init.budget,model_pm_init_budget,group_init_sapproved,1,1,0,0
sys_constant_sapproved,sys.constant,configurations.model_sys_constant,group_init_sapproved,1,0,0,0
pm_common_subject_sapproved,pm.common.subject,configurations.model_pm_common_subject,group_init_sapproved,1,1,0,0
,,,,,,,
sys_constant_fund_rd_approve,sys.constant,configurations.model_sys_constant,group_fund_rd_approve,1,0,0,0
oa_staff_basic_fund_rd_approve,oa.staff.basic,oa.model_oa_staff_basic,group_fund_rd_approve,1,0,0,0
oa_admin_org_fund_rd_approve,oa.admin.org,configurations.model_oa_admin_org,group_fund_rd_approve,1,0,0,0
oa_admin_role_fund_rd_approve,oa.admin.role,configurations.model_oa_admin_role,group_fund_rd_approve,1,0,0,0
pm_common_subject_fund_rd_approve,pm.common.subject,configurations.model_pm_common_subject,group_fund_rd_approve,1,0,0,0
pm_init_basic_fund_rd_approve,pm.init.basic,model_pm_init_basic,group_fund_rd_approve,1,1,0,0
pm_init_proj_apply_fund_rd_approve,pm.init.proj.apply,model_pm_init_proj_apply,group_fund_rd_approve,1,1,0,0
pm_init_proj_team_fund_rd_approve,pm.init.proj.team,model_pm_init_proj_team,group_fund_rd_approve,1,1,0,0
oa_project_role_fund_rd_approve,oa.project.role,configurations.model_oa_project_role,group_fund_rd_approve,1,0,0,0
pm_fund_account_fund_rd_approve,pm.fund.account,model_pm_fund_account,group_fund_rd_approve,1,0,0,0
pm_fund_assignplan_fund_rd_approve,pm.fund.assignplan,model_pm_fund_assignplan,group_fund_rd_approve,1,0,0,0
pm_fund_arrived_fund_rd_approve,pm.fund.arrived,model_pm_fund_arrived,group_fund_rd_approve,1,0,0,0
pm_fund_proj_monthplan_fund_rd_approve,pm.fund.proj.monthplan,model_pm_fund_proj_monthplan,group_fund_rd_approve,1,1,0,0
pm_fund_proj_monthplan_detail_fund_rd_approve,pm.fund.proj.monthplan.detail,model_pm_fund_proj_monthplan_detail,group_fund_rd_approve,1,1,0,0
pm_fund_use_apply_fund_rd_approve,pm.fund.use.apply,model_pm_fund_use_apply,group_fund_rd_approve,1,1,1,0
pm_fund_aptrip_info_fund_rd_approve,pm.fund.aptrip.info,model_pm_fund_aptrip_info,group_fund_rd_approve,1,1,1,1
pm_fund_goods_info_fund_rd_approve,pm.fund.goods.info,model_pm_fund_goods_info,group_fund_rd_approve,1,1,1,1
pm_fund_bc_apply_fund_rd_approve,pm.fund.bc.apply,model_pm_fund_bc_apply,group_fund_rd_approve,1,1,0,0
pm_fund_budget_version_fund_rd_approve,pm.fund.budget.version,model_pm_fund_budget_version,group_fund_rd_approve,1,0,0,0
pm_fund_budget_version_detail_fund_rd_approve,pm.fund.budget.version.detail,model_pm_fund_budget_version_detail,group_fund_rd_approve,1,0,0,0
pm_init_proj_schedule_fund_rd_approve,pm.init.proj.schedule,model_pm_init_proj_schedule,group_fund_rd_approve,1,1,0,0
pm_init_proj_purchase_fund_rd_approve,pm.init.proj.purchase,model_pm_init_proj_purchase,group_fund_rd_approve,1,1,0,0
pm_init_budget_fund_rd_approve,pm.init.budget,model_pm_init_budget,group_fund_rd_approve,1,1,0,0
pm_init_reply_infos_fund_rd_approve,pm.init.reply.infos,model_pm_init_reply_infos,group_fund_rd_approve,1,1,0,0
,,,,,,,
sys_constant_fund_fd_approve,sys.constant,configurations.model_sys_constant,group_fund_fd_approve,1,0,0,0
oa_staff_basic_fund_fd_approve,oa.staff.basic,oa.model_oa_staff_basic,group_fund_fd_approve,1,0,0,0
oa_admin_org_fund_fd_approve,oa.admin.org,configurations.model_oa_admin_org,group_fund_fd_approve,1,0,0,0
oa_admin_role_fund_fd_approve,oa.admin.role,configurations.model_oa_admin_role,group_fund_fd_approve,1,0,0,0
oa_project_role_fund_fd_approve,oa.project.role,configurations.model_oa_project_role,group_fund_fd_approve,1,0,0,0
pm_common_subject_fund_fd_approve,pm.common.subject,configurations.model_pm_common_subject,group_fund_fd_approve,1,0,0,0
pm_init_basic_fund_fd_approve,pm.init.basic,model_pm_init_basic,group_fund_fd_approve,1,0,0,0
pm_init_proj_apply_fund_fd_approve,pm.init.proj.apply,model_pm_init_proj_apply,group_fund_fd_approve,1,0,0,0
pm_init_proj_team_fund_fd_approve,pm.init.proj.team,model_pm_init_proj_team,group_fund_fd_approve,1,0,0,0
pm_init_proj_schedule_fund_fd_approve,pm.init.proj.schedule,model_pm_init_proj_schedule,group_fund_fd_approve,1,0,0,0
pm_init_proj_purchase_fund_fd_approve,pm.init.proj.purchase,model_pm_init_proj_purchase,group_fund_fd_approve,1,0,0,0
pm_init_budget_fund_fd_approve,pm.init.budget,model_pm_init_budget,group_fund_fd_approve,1,0,0,0
pm_init_reply_infos_fund_fd_approve,pm.init.reply.infos,model_pm_init_reply_infos,group_fund_fd_approve,1,0,0,0
pm_fund_account_fund_fd_approve,pm.fund.account,model_pm_fund_account,group_fund_fd_approve,1,1,1,1
pm_fund_assignplan_fund_fd_approve,pm.fund.assignplan,model_pm_fund_assignplan,group_fund_fd_approve,1,1,1,1
pm_fund_arrived_fund_fd_approve,pm.fund.arrived,model_pm_fund_arrived,group_fund_fd_approve,1,1,1,1
pm_fund_proj_monthplan_fund_fd_approve,pm.fund.proj.monthplan,model_pm_fund_proj_monthplan,group_fund_fd_approve,1,1,0,0
pm_fund_proj_monthplan_detail_fund_fd_approve,pm.fund.proj.monthplan.detail,model_pm_fund_proj_monthplan_detail,group_fund_fd_approve,1,1,0,0
pm_fund_use_apply_fund_fd_approve,pm.fund.use.apply,model_pm_fund_use_apply,group_fund_fd_approve,1,1,1,0
pm_fund_aptrip_info_fund_fd_approve,pm.fund.aptrip.info,model_pm_fund_aptrip_info,group_fund_fd_approve,1,1,1,1
pm_fund_goods_info_fund_fd_approve,pm.fund.goods.info,model_pm_fund_goods_info,group_fund_fd_approve,1,1,1,1
pm_fund_bc_apply_fund_fd_approve,pm.fund.bc.apply,model_pm_fund_bc_apply,group_fund_fd_approve,1,1,0,0
pm_fund_budget_version_fund_fd_approve,pm.fund.budget.version,model_pm_fund_budget_version,group_fund_fd_approve,1,1,1,1
pm_fund_budget_version_detail_fund_fd_approve,pm.fund.budget.version.detail,model_pm_fund_budget_version_detail,group_fund_fd_approve,1,1,1,1
,,,,,,,
sys_constant_impl_ky_approve,sys.constant,configurations.model_sys_constant,group_impl_ky_approve,1,0,0,0
oa_staff_basic_impl_ky_approve,oa.staff.basic,oa.model_oa_staff_basic,group_impl_ky_approve,1,0,0,0
oa_admin_org_impl_ky_approve,oa.admin.org,configurations.model_oa_admin_org,group_impl_ky_approve,1,0,0,0
oa_admin_role_impl_ky_approve,oa.admin.role,configurations.model_oa_admin_role,group_impl_ky_approve,1,0,0,0
pm_common_subject_impl_ky_approve,pm.common.subject,configurations.model_pm_common_subject,group_impl_ky_approve,1,0,0,0
pm_init_basic_impl_ky_approve,pm.init.basic,model_pm_init_basic,group_impl_ky_approve,1,0,0,0
pm_init_proj_apply_impl_ky_approve,pm.init.proj.apply,model_pm_init_proj_apply,group_impl_ky_approve,1,0,0,0
pm_init_proj_team_impl_ky_approve,pm.init.proj.team,model_pm_init_proj_team,group_impl_ky_approve,1,0,0,0
oa_project_role_impl_ky_approve,oa.project.role,configurations.model_oa_project_role,group_impl_ky_approve,1,0,0,0
pm_impl_month_plan_impl_ky_approve,pm.impl.month.plan,model_pm_impl_month_plan,group_impl_ky_approve,1,1,0,0
pm_impl_month_content_impl_ky_approve,pm.impl.month.content,model_pm_impl_month_content,group_impl_ky_approve,1,0,0,0
pm_impl_quarter_plan_impl_ky_approve,pm.impl.quarter.plan,model_pm_impl_quarter_plan,group_impl_ky_approve,1,0,0,0
pm_impl_organ_month_plan_impl_ky_approve,pm.impl.organ.month.plan,model_pm_impl_organ_month_plan,group_impl_ky_approve,1,1,0,0
pm_impl_organ_plan_content_impl_ky_approve,pm.impl.organ.plan.content,model_pm_impl_organ_plan_content,group_impl_ky_approve,1,0,0,0
pm_impl_check_plan_impl_ky_approve,pm.impl.check.plan,model_pm_impl_check_plan,group_impl_ky_approve,1,1,1,1
pm_impl_project_list_impl_ky_approve,pm.impl.project.list,model_pm_impl_project_list,group_impl_ky_approve,1,1,1,1
pm_impl_file_list_impl_ky_approve,pm.impl.file.list,model_pm_impl_file_list,group_impl_ky_approve,1,1,1,1
pm_impl_inform_officer_impl_ky_approve,pm.impl.inform.officer,model_pm_impl_inform_officer,group_impl_ky_approve,1,1,1,1
pm_impl_file_upload_impl_ky_approve,pm.impl.file.upload,model_pm_impl_file_upload,group_impl_ky_approve,1,1,0,0
pm_impl_file_attach_impl_ky_approve,pm.impl.file.attach,model_pm_impl_file_attach,group_impl_ky_approve,1,0,0,0
pm_impl_check_result_impl_ky_approve,pm.impl.check.result,model_pm_impl_check_result,group_impl_ky_approve,1,0,0,0
pm_impl_check_result_attach_impl_ky_approve,pm.impl.check.result.attach,model_pm_impl_check_result_attach,group_impl_ky_approve,1,0,0,0
pm_impl_procedural_document_impl_ky_approve,pm.impl.procedural.document,model_pm_impl_procedural_document,group_impl_ky_approve,1,0,0,0
pm_impl_version_info_impl_ky_approve,pm.impl.version.info,model_pm_impl_version_info,group_impl_ky_approve,1,0,0,0
pm_impl_update_impl_ky_approve,pm.impl.update,model_pm_impl_update,group_impl_ky_approve,1,1,0,0
pm_impl_staff_baseline_impl_ky_approve,pm.impl.staff.baseline,model_pm_impl_staff_baseline,group_impl_ky_approve,1,0,0,0
pm_impl_staff_baseline_version_impl_ky_approve,pm.impl.staff.baseline.version,model_pm_impl_staff_baseline_version,group_impl_ky_approve,1,0,0,0
pm_impl_plan_baseline_impl_ky_approve,pm.impl.plan.baseline,model_pm_impl_plan_baseline,group_impl_ky_approve,1,0,0,0
pm_impl_plan_baseline_version_impl_ky_approve,pm.impl.plan.baseline.version,model_pm_impl_plan_baseline_version,group_impl_ky_approve,1,0,0,0
pm_impl_task_impl_ky_approve,pm.impl.task,model_pm_impl_task,group_impl_ky_approve,0,0,0,0
pm_impl_task_stage_impl_ky_approve,pm.impl.task.stage,model_pm_impl_task_stage,group_impl_ky_approve,1,0,0,0
pm_impl_task_project_impl_ky_approve,pm.impl.task.project,model_pm_impl_task_project,group_impl_ky_approve,0,0,0,0
pm_impl_plan_execution_statistics_impl_ky_approve,pm.impl.plan.execution.statistics,model_pm_impl_plan_execution_statistics,group_impl_ky_approve,0,0,0,0
,,,,,,,
sys_constant_techservice_rd_approve,sys.constant,configurations.model_sys_constant,group_techservice_rd_approve,1,0,0,0
oa_staff_basic_techservice_rd_approve,oa.staff.basic,oa.model_oa_staff_basic,group_techservice_rd_approve,1,0,0,0
oa_admin_org_techservice_rd_approve,oa.admin.org,configurations.model_oa_admin_org,group_techservice_rd_approve,1,0,0,0
oa_admin_role_techservice_rd_approve,oa.admin.role,configurations.model_oa_admin_role,group_techservice_rd_approve,1,0,0,0
pm_common_subject_techservice_rd_approve,pm.common.subject,configurations.model_pm_common_subject,group_techservice_rd_approve,1,0,0,0
pm_init_basic_techservice_rd_approve,pm.init.basic,model_pm_init_basic,group_techservice_rd_approve,1,0,0,0
pm_init_proj_apply_techservice_rd_approve,pm.init.proj.apply,model_pm_init_proj_apply,group_techservice_rd_approve,1,0,0,0
pm_init_proj_team_techservice_rd_approve,pm.init.proj.team,model_pm_init_proj_team,group_techservice_rd_approve,1,0,0,0
oa_project_role_techservice_rd_approve,oa.project.role,configurations.model_oa_project_role,group_techservice_rd_approve,1,0,0,0
pm_techservice_plan_rd_approve,pm.techservice.plan,model_pm_techservice_plan,group_techservice_rd_approve,1,1,0,0
pm_techservice_init_rd_approve,pm.techservice.init,model_pm_techservice_init,group_techservice_rd_approve,1,0,0,0
pm_techservice_check_rd_approve,pm.techservice.check,model_pm_techservice_check,group_techservice_rd_approve,1,1,1,0
pm_techservice_check_attachment_rd_approve,pm.techservice.check.attachment,model_pm_techservice_check_attachment,group_techservice_rd_approve,1,1,1,1
pm_techservice_document_rd_approve,pm.techservice.document,model_pm_techservice_document,group_techservice_rd_approve,1,0,0,0
pm_techservice_document_version_rd_approve,pm.techservice.document.version,model_pm_techservice_document_version,group_techservice_rd_approve,1,0,0,0
pm_techservice_acceptance_rd_approve,pm.techservice.acceptance,model_pm_techservice_acceptance,group_techservice_rd_approve,1,1,0,0
pm_techservice_unit_acceptance_attachment_rd_approve,pm.techservice.unit.acceptance.attachment,model_pm_techservice_unit_acceptance_attachment,group_techservice_rd_approve,1,0,0,0
pm_techservice_rd_acceptance_attachment_rd_approve,pm.techservice.rd.acceptance.attachment,model_pm_techservice_rd_acceptance_attachment,group_techservice_rd_approve,1,1,1,1
pm_purchase_trace_rd_approve,pm.purchase.trace,model_pm_purchase_trace,group_techservice_rd_approve,1,1,1,0
,,,,,,,
pm_acceptance_kyc,pm.acceptance,model_pm_acceptance,group_acceptance_sapproved,1,1,0,0
pm_acceptance_attachments_kyc,pm.acceptance.attachments,model_pm_acceptance_attachments,group_acceptance_sapproved,1,1,0,0
,,,,,,,
sys_constant_purchase_ky_approve,sys.constant,configurations.model_sys_constant,group_purchase_ky_approve,1,0,0,0
oa_staff_basic_purchase_ky_approve,oa.staff.basic,oa.model_oa_staff_basic,group_purchase_ky_approve,1,0,0,0
oa_admin_org_purchase_ky_approve,oa.admin.org,configurations.model_oa_admin_org,group_purchase_ky_approve,1,0,0,0
oa_admin_role_purchase_ky_approve,oa.admin.role,configurations.model_oa_admin_role,group_purchase_ky_approve,1,0,0,0
pm_common_subject_purchase_ky_approve,pm.common.subject,configurations.model_pm_common_subject,group_purchase_ky_approve,1,0,0,0
pm_init_basic_purchase_ky_approve,pm.init.basic,model_pm_init_basic,group_purchase_ky_approve,1,0,0,0
pm_init_proj_apply_purchase_ky_approve,pm.init.proj.apply,model_pm_init_proj_apply,group_purchase_ky_approve,1,0,0,0
pm_init_proj_purchase_purchase_ky_approve,pm.init.proj.purchase,model_pm_init_proj_purchase,group_purchase_ky_approve,1,0,0,0
pm_init_proj_team_purchase_ky_approve,pm.init.proj.team,model_pm_init_proj_team,group_purchase_ky_approve,1,0,0,0
oa_project_role_purchase_ky_approve,oa.project.role,configurations.model_oa_project_role,group_purchase_ky_approve,1,0,0,0
pm_purchase_plan_purchase_ky_approve,pm.purchase.plan,model_pm_purchase_plan,group_purchase_ky_approve,1,1,0,0
pm_purchase_plan_goods_purchase_ky_approve,pm.purchase.plan.goods,model_pm_purchase_plan_goods,group_purchase_ky_approve,1,1,0,0
pm_purchase_zb_bd_purchase_ky_approve,pm.purchase.zb.bd,model_pm_purchase_zb_bd,group_purchase_ky_approve,1,1,0,0
pm_purchase_zb_bd_detail_purchase_ky_approve,pm.purchase.zb.bd.detail,model_pm_purchase_zb_bd_detail,group_purchase_ky_approve,1,1,0,0
pm_purchase_result_purchase_ky_approve,pm.purchase.result,model_pm_purchase_result,group_purchase_ky_approve,1,1,0,0
pm_purchase_zb_goods_purchase_ky_approve,pm.purchase.zb.goods,model_pm_purchase_zb_goods,group_purchase_ky_approve,1,1,0,0
pm_purchase_pb_result_purchase_ky_approve,pm.purchase.pb.result,model_pm_purchase_pb_result,group_purchase_ky_approve,1,1,0,0
pm_purchase_sb_result_purchase_ky_approve,pm.purchase.sb.result,model_pm_purchase_sb_result,group_purchase_ky_approve,1,1,0,0
pm_purchase_tp_result_purchase_ky_approve,pm.purchase.tp.result,model_pm_purchase_tp_result,group_purchase_ky_approve,1,1,0,0
pm_purchase_tp_suggest_purchase_ky_approve,pm.purchase.tp.suggest,model_pm_purchase_tp_suggest,group_purchase_ky_approve,1,1,0,0
pm_purchase_trace_purchase_ky_approve,pm.purchase.trace,model_pm_purchase_trace,group_purchase_ky_approve,1,0,0,0
pm_purchase_goods_arrival_purchase_ky_approve,pm.purchase.goods.arrival,model_pm_purchase_goods_arrival,group_purchase_ky_approve,1,0,0,0
pm_purchase_payment_purchase_ky_approve,pm.purchase.payment,model_pm_purchase_payment,group_purchase_ky_approve,1,0,0,0
pm_purchase_last_goods_purchase_ky_approve,pm.purchase.last.goods,model_pm_purchase_last_goods,group_purchase_ky_approve,1,0,0,0
pm_purchase_last_goods_detail_purchase_ky_approve,pm.purchase.last.goods.detail,model_pm_purchase_last_goods_detail,group_purchase_ky_approve,1,0,0,0
pm_techservice_plan_purchase_ky_approve,pm.techservice.plan,model_pm_techservice_plan,group_purchase_ky_approve,1,0,0,0
,,,,,,,
sys_constant_purchase_cai_approve,sys.constant,configurations.model_sys_constant,group_purchase_cai_approve,1,0,0,0
oa_staff_basic_purchase_cai_approve,oa.staff.basic,oa.model_oa_staff_basic,group_purchase_cai_approve,1,0,0,0
oa_admin_org_purchase_cai_approve,oa.admin.org,configurations.model_oa_admin_org,group_purchase_cai_approve,1,0,0,0
oa_admin_role_purchase_cai_approve,oa.admin.role,configurations.model_oa_admin_role,group_purchase_cai_approve,1,0,0,0
pm_common_subject_purchase_cai_approve,pm.common.subject,configurations.model_pm_common_subject,group_purchase_cai_approve,1,0,0,0
pm_init_basic_purchase_cai_approve,pm.init.basic,model_pm_init_basic,group_purchase_cai_approve,1,0,0,0
pm_init_proj_apply_purchase_cai_approve,pm.init.proj.apply,model_pm_init_proj_apply,group_purchase_cai_approve,1,0,0,0
pm_init_proj_purchase_purchase_cai_approve,pm.init.proj.purchase,model_pm_init_proj_purchase,group_purchase_cai_approve,1,0,0,0
pm_init_proj_team_purchase_cai_approve,pm.init.proj.team,model_pm_init_proj_team,group_purchase_cai_approve,1,0,0,0
oa_project_role_purchase_cai_approve,oa.project.role,configurations.model_oa_project_role,group_purchase_cai_approve,1,0,0,0
pm_purchase_plan_purchase_cai_approve,pm.purchase.plan,model_pm_purchase_plan,group_purchase_cai_approve,1,1,0,0
pm_purchase_plan_goods_purchase_cai_approve,pm.purchase.plan.goods,model_pm_purchase_plan_goods,group_purchase_cai_approve,1,1,0,0
pm_purchase_zb_bd_purchase_cai_approve,pm.purchase.zb.bd,model_pm_purchase_zb_bd,group_purchase_cai_approve,1,1,0,0
pm_purchase_zb_bd_detail_purchase_cai_approve,pm.purchase.zb.bd.detail,model_pm_purchase_zb_bd_detail,group_purchase_cai_approve,1,1,0,0
pm_purchase_result_purchase_cai_approve,pm.purchase.result,model_pm_purchase_result,group_purchase_cai_approve,1,0,0,0
pm_purchase_zb_goods_purchase_cai_approve,pm.purchase.zb.goods,model_pm_purchase_zb_goods,group_purchase_cai_approve,1,0,0,0
pm_purchase_pb_result_purchase_cai_approve,pm.purchase.pb.result,model_pm_purchase_pb_result,group_purchase_cai_approve,1,0,0,0
pm_purchase_sb_result_purchase_cai_approve,pm.purchase.sb.result,model_pm_purchase_sb_result,group_purchase_cai_approve,1,0,0,0
pm_purchase_tp_result_purchase_cai_approve,pm.purchase.tp.result,model_pm_purchase_tp_result,group_purchase_cai_approve,1,0,0,0
pm_purchase_tp_suggest_purchase_cai_approve,pm.purchase.tp.suggest,model_pm_purchase_tp_suggest,group_purchase_cai_approve,1,0,0,0
pm_purchase_trace_purchase_cai_approve,pm.purchase.trace,model_pm_purchase_trace,group_purchase_cai_approve,1,0,0,0
pm_purchase_goods_arrival_purchase_cai_approve,pm.purchase.goods.arrival,model_pm_purchase_goods_arrival,group_purchase_cai_approve,1,0,0,0
pm_purchase_payment_purchase_cai_approve,pm.purchase.payment,model_pm_purchase_payment,group_purchase_cai_approve,1,0,0,0
pm_purchase_last_goods_purchase_cai_approve,pm.purchase.last.goods,model_pm_purchase_last_goods,group_purchase_cai_approve,1,0,0,0
pm_purchase_last_goods_detail_purchase_cai_approve,pm.purchase.last.goods.detail,model_pm_purchase_last_goods_detail,group_purchase_cai_approve,1,0,0,0
pm_techservice_plan_purchase_cai_approve,pm.techservice.plan,model_pm_techservice_plan,group_purchase_cai_approve,1,0,0,0
,,,,,,,
sys_constant_purchase_yb_approve,sys.constant,configurations.model_sys_constant,group_purchase_yb_approve,1,0,0,0
oa_staff_basic_purchase_yb_approve,oa.staff.basic,oa.model_oa_staff_basic,group_purchase_yb_approve,1,0,0,0
oa_admin_org_purchase_yb_approve,oa.admin.org,configurations.model_oa_admin_org,group_purchase_yb_approve,1,0,0,0
oa_admin_role_purchase_yb_approve,oa.admin.role,configurations.model_oa_admin_role,group_purchase_yb_approve,1,0,0,0
pm_common_subject_purchase_yb_approve,pm.common.subject,configurations.model_pm_common_subject,group_purchase_yb_approve,1,0,0,0
pm_init_basic_purchase_yb_approve,pm.init.basic,model_pm_init_basic,group_purchase_yb_approve,1,0,0,0
pm_init_proj_apply_purchase_yb_approve,pm.init.proj.apply,model_pm_init_proj_apply,group_purchase_yb_approve,1,0,0,0
pm_init_proj_purchase_purchase_yb_approve,pm.init.proj.purchase,model_pm_init_proj_purchase,group_purchase_yb_approve,1,0,0,0
pm_init_proj_team_purchase_yb_approve,pm.init.proj.team,model_pm_init_proj_team,group_purchase_yb_approve,1,0,0,0
oa_project_role_purchase_yb_approve,oa.project.role,configurations.model_oa_project_role,group_purchase_yb_approve,1,0,0,0
pm_purchase_plan_purchase_yb_approve,pm.purchase.plan,model_pm_purchase_plan,group_purchase_yb_approve,1,1,0,0
pm_purchase_plan_goods_purchase_yb_approve,pm.purchase.plan.goods,model_pm_purchase_plan_goods,group_purchase_yb_approve,1,1,0,0
pm_purchase_zb_bd_purchase_yb_approve,pm.purchase.zb.bd,model_pm_purchase_zb_bd,group_purchase_yb_approve,1,1,0,0
pm_purchase_zb_bd_detail_purchase_yb_approve,pm.purchase.zb.bd.detail,model_pm_purchase_zb_bd_detail,group_purchase_yb_approve,1,1,0,0
pm_purchase_result_purchase_yb_approve,pm.purchase.result,model_pm_purchase_result,group_purchase_yb_approve,1,1,0,0
pm_purchase_zb_goods_purchase_yb_approve,pm.purchase.zb.goods,model_pm_purchase_zb_goods,group_purchase_yb_approve,1,1,0,0
pm_purchase_pb_result_purchase_yb_approve,pm.purchase.pb.result,model_pm_purchase_pb_result,group_purchase_yb_approve,1,1,0,0
pm_purchase_sb_result_purchase_yb_approve,pm.purchase.sb.result,model_pm_purchase_sb_result,group_purchase_yb_approve,1,1,0,0
pm_purchase_tp_result_purchase_yb_approve,pm.purchase.tp.result,model_pm_purchase_tp_result,group_purchase_yb_approve,1,1,0,0
pm_purchase_tp_suggest_purchase_yb_approve,pm.purchase.tp.suggest,model_pm_purchase_tp_suggest,group_purchase_yb_approve,1,1,0,0
pm_purchase_trace_purchase_yb_approve,pm.purchase.trace,model_pm_purchase_trace,group_purchase_yb_approve,1,0,0,0
pm_purchase_goods_arrival_purchase_yb_approve,pm.purchase.goods.arrival,model_pm_purchase_goods_arrival,group_purchase_yb_approve,1,0,0,0
pm_purchase_payment_purchase_yb_approve,pm.purchase.payment,model_pm_purchase_payment,group_purchase_yb_approve,1,0,0,0
pm_purchase_last_goods_purchase_yb_approve,pm.purchase.last.goods,model_pm_purchase_last_goods,group_purchase_yb_approve,1,0,0,0
pm_purchase_last_goods_detail_purchase_yb_approve,pm.purchase.last.goods.detail,model_pm_purchase_last_goods_detail,group_purchase_yb_approve,1,0,0,0
pm_techservice_plan_purchase_yb_approve,pm.techservice.plan,model_pm_techservice_plan,group_purchase_yb_approve,1,0,0,0
,,,,,,,
sys_constant_purchase_yb_read,sys.constant,configurations.model_sys_constant,group_yb_read,1,0,0,0
oa_staff_basic_purchase_yb_read,oa.staff.basic,oa.model_oa_staff_basic,group_yb_read,1,0,0,0
oa_admin_org_purchase_yb_read,oa.admin.org,configurations.model_oa_admin_org,group_yb_read,1,0,0,0
oa_admin_role_purchase_yb_read,oa.admin.role,configurations.model_oa_admin_role,group_yb_read,1,0,0,0
pm_common_subject_purchase_yb_read,pm.common.subject,configurations.model_pm_common_subject,group_yb_read,1,0,0,0
pm_init_basic_purchase_yb_read,pm.init.basic,model_pm_init_basic,group_yb_read,1,0,0,0
pm_init_proj_apply_purchase_yb_read,pm.init.proj.apply,model_pm_init_proj_apply,group_yb_read,1,0,0,0
pm_init_proj_purchase_purchase_yb_read,pm.init.proj.purchase,model_pm_init_proj_purchase,group_yb_read,1,0,0,0
pm_init_proj_team_purchase_yb_read,pm.init.proj.team,model_pm_init_proj_team,group_yb_read,1,0,0,0
oa_project_role_purchase_yb_read,oa.project.role,configurations.model_oa_project_role,group_yb_read,1,0,0,0
pm_purchase_plan_purchase_yb_read,pm.purchase.plan,model_pm_purchase_plan,group_yb_read,1,0,0,0
pm_purchase_plan_goods_purchase_yb_read,pm.purchase.plan.goods,model_pm_purchase_plan_goods,group_yb_read,1,0,0,0
pm_purchase_zb_bd_purchase_yb_read,pm.purchase.zb.bd,model_pm_purchase_zb_bd,group_yb_read,1,0,0,0
pm_purchase_zb_bd_detail_purchase_yb_read,pm.purchase.zb.bd.detail,model_pm_purchase_zb_bd_detail,group_yb_read,1,0,0,0
pm_purchase_result_purchase_yb_read,pm.purchase.result,model_pm_purchase_result,group_yb_read,1,0,0,0
pm_purchase_zb_goods_purchase_yb_read,pm.purchase.zb.goods,model_pm_purchase_zb_goods,group_yb_read,1,0,0,0
pm_purchase_pb_result_purchase_yb_read,pm.purchase.pb.result,model_pm_purchase_pb_result,group_yb_read,1,0,0,0
pm_purchase_sb_result_purchase_yb_read,pm.purchase.sb.result,model_pm_purchase_sb_result,group_yb_read,1,0,0,0
pm_purchase_tp_result_purchase_yb_read,pm.purchase.tp.result,model_pm_purchase_tp_result,group_yb_read,1,0,0,0
pm_purchase_tp_suggest_purchase_yb_read,pm.purchase.tp.suggest,model_pm_purchase_tp_suggest,group_yb_read,1,0,0,0
pm_purchase_trace_purchase_yb_read,pm.purchase.trace,model_pm_purchase_trace,group_yb_read,1,0,0,0
pm_purchase_goods_arrival_purchase_yb_read,pm.purchase.goods.arrival,model_pm_purchase_goods_arrival,group_yb_read,1,0,0,0
pm_purchase_payment_purchase_yb_read,pm.purchase.payment,model_pm_purchase_payment,group_yb_read,1,0,0,0
pm_purchase_last_goods_purchase_yb_read,pm.purchase.last.goods,model_pm_purchase_last_goods,group_yb_read,1,0,0,0
pm_purchase_last_goods_detail_purchase_yb_read,pm.purchase.last.goods.detail,model_pm_purchase_last_goods_detail,group_yb_read,1,0,0,0
pm_archives_project_archives_purchase_yb_read,pm.archives.project.archives,model_pm_archives_project_archives,group_yb_read,0,0,0,0
pm_archives_project_archives_directory_purchase_yb_read,pm.archives.project.archives.directory,model_pm_archives_project_archives_directory,group_yb_read,0,0,0,0
pm_techservice_plan_purchase_yb_read,pm.techservice.plan,model_pm_techservice_plan,group_yb_read,1,0,0,0
,,,,,,,
sys_constant_purchase_fzs_approve,sys.constant,configurations.model_sys_constant,group_purchase_fzs_approve,1,0,0,0
oa_staff_basic_purchase_fzs_approve,oa.staff.basic,oa.model_oa_staff_basic,group_purchase_fzs_approve,1,0,0,0
oa_admin_org_purchase_fzs_approve,oa.admin.org,configurations.model_oa_admin_org,group_purchase_fzs_approve,1,0,0,0
oa_admin_role_purchase_fzs_approve,oa.admin.role,configurations.model_oa_admin_role,group_purchase_fzs_approve,1,0,0,0
pm_common_subject_purchase_fzs_approve,pm.common.subject,configurations.model_pm_common_subject,group_purchase_fzs_approve,1,0,0,0
pm_init_basic_purchase_fzs_approve,pm.init.basic,model_pm_init_basic,group_purchase_fzs_approve,1,0,0,0
pm_init_proj_apply_purchase_fzs_approve,pm.init.proj.apply,model_pm_init_proj_apply,group_purchase_fzs_approve,1,0,0,0
pm_init_proj_purchase_purchase_fzs_approve,pm.init.proj.purchase,model_pm_init_proj_purchase,group_purchase_fzs_approve,1,0,0,0
pm_init_proj_team_purchase_fzs_approve,pm.init.proj.team,model_pm_init_proj_team,group_purchase_fzs_approve,1,0,0,0
oa_project_role_purchase_fzs_approve,oa.project.role,configurations.model_oa_project_role,group_purchase_fzs_approve,1,0,0,0
pm_purchase_plan_purchase_fzs_approve,pm.purchase.plan,model_pm_purchase_plan,group_purchase_fzs_approve,1,1,0,0
pm_purchase_plan_goods_purchase_fzs_approve,pm.purchase.plan.goods,model_pm_purchase_plan_goods,group_purchase_fzs_approve,1,1,0,0
pm_purchase_zb_bd_purchase_fzs_approve,pm.purchase.zb.bd,model_pm_purchase_zb_bd,group_purchase_fzs_approve,1,1,0,0
pm_purchase_zb_bd_detail_purchase_fzs_approve,pm.purchase.zb.bd.detail,model_pm_purchase_zb_bd_detail,group_purchase_fzs_approve,1,1,0,0
pm_purchase_result_purchase_fzs_approve,pm.purchase.result,model_pm_purchase_result,group_purchase_fzs_approve,1,0,0,0
pm_purchase_zb_goods_purchase_fzs_approve,pm.purchase.zb.goods,model_pm_purchase_zb_goods,group_purchase_fzs_approve,1,0,0,0
pm_purchase_pb_result_purchase_fzs_approve,pm.purchase.pb.result,model_pm_purchase_pb_result,group_purchase_fzs_approve,1,0,0,0
pm_purchase_sb_result_purchase_fzs_approve,pm.purchase.sb.result,model_pm_purchase_sb_result,group_purchase_fzs_approve,1,0,0,0
pm_purchase_tp_result_purchase_fzs_approve,pm.purchase.tp.result,model_pm_purchase_tp_result,group_purchase_fzs_approve,1,0,0,0
pm_purchase_tp_suggest_purchase_fzs_approve,pm.purchase.tp.suggest,model_pm_purchase_tp_suggest,group_purchase_fzs_approve,1,0,0,0
pm_purchase_trace_purchase_fzs_approve,pm.purchase.trace,model_pm_purchase_trace,group_purchase_fzs_approve,1,0,0,0
pm_purchase_goods_arrival_purchase_fzs_approve,pm.purchase.goods.arrival,model_pm_purchase_goods_arrival,group_purchase_fzs_approve,1,0,0,0
pm_purchase_payment_purchase_fzs_approve,pm.purchase.payment,model_pm_purchase_payment,group_purchase_fzs_approve,1,0,0,0
pm_purchase_last_goods_purchase_fzs_approve,pm.purchase.last.goods,model_pm_purchase_last_goods,group_purchase_fzs_approve,1,0,0,0
pm_purchase_last_goods_detail_purchase_fzs_approve,pm.purchase.last.goods.detail,model_pm_purchase_last_goods_detail,group_purchase_fzs_approve,1,0,0,0
pm_techservice_plan_purchase_fzs_approve,pm.techservice.plan,model_pm_techservice_plan,group_purchase_fzs_approve,1,0,0,0
,,,,,,,
sys_constant_purchase_yzzgcg_approve,sys.constant,configurations.model_sys_constant,group_purchase_yzzgcg_approve,1,0,0,0
oa_staff_basic_purchase_yzzgcg_approve,oa.staff.basic,oa.model_oa_staff_basic,group_purchase_yzzgcg_approve,1,0,0,0
oa_admin_org_purchase_yzzgcg_approve,oa.admin.org,configurations.model_oa_admin_org,group_purchase_yzzgcg_approve,1,0,0,0
oa_admin_role_purchase_yzzgcg_approve,oa.admin.role,configurations.model_oa_admin_role,group_purchase_yzzgcg_approve,1,0,0,0
pm_common_subject_purchase_yzzgcg_approve,pm.common.subject,configurations.model_pm_common_subject,group_purchase_yzzgcg_approve,1,0,0,0
pm_init_basic_purchase_yzzgcg_approve,pm.init.basic,model_pm_init_basic,group_purchase_yzzgcg_approve,1,0,0,0
pm_init_proj_apply_purchase_yzzgcg_approve,pm.init.proj.apply,model_pm_init_proj_apply,group_purchase_yzzgcg_approve,1,0,0,0
pm_init_proj_purchase_purchase_yzzgcg_approve,pm.init.proj.purchase,model_pm_init_proj_purchase,group_purchase_yzzgcg_approve,1,0,0,0
pm_init_proj_team_purchase_yzzgcg_approve,pm.init.proj.team,model_pm_init_proj_team,group_purchase_yzzgcg_approve,1,0,0,0
oa_project_role_purchase_yzzgcg_approve,oa.project.role,configurations.model_oa_project_role,group_purchase_yzzgcg_approve,1,0,0,0
pm_purchase_plan_purchase_yzzgcg_approve,pm.purchase.plan,model_pm_purchase_plan,group_purchase_yzzgcg_approve,1,1,0,0
pm_purchase_plan_goods_purchase_yzzgcg_approve,pm.purchase.plan.goods,model_pm_purchase_plan_goods,group_purchase_yzzgcg_approve,1,1,0,0
pm_purchase_zb_bd_purchase_yzzgcg_approve,pm.purchase.zb.bd,model_pm_purchase_zb_bd,group_purchase_yzzgcg_approve,1,1,0,0
pm_purchase_zb_bd_detail_purchase_yzzgcg_approve,pm.purchase.zb.bd.detail,model_pm_purchase_zb_bd_detail,group_purchase_yzzgcg_approve,1,1,0,0
pm_purchase_result_purchase_yzzgcg_approve,pm.purchase.result,model_pm_purchase_result,group_purchase_yzzgcg_approve,1,1,0,0
pm_purchase_zb_goods_purchase_yzzgcg_approve,pm.purchase.zb.goods,model_pm_purchase_zb_goods,group_purchase_yzzgcg_approve,1,1,0,0
pm_purchase_pb_result_purchase_yzzgcg_approve,pm.purchase.pb.result,model_pm_purchase_pb_result,group_purchase_yzzgcg_approve,1,1,0,0
pm_purchase_sb_result_purchase_yzzgcg_approve,pm.purchase.sb.result,model_pm_purchase_sb_result,group_purchase_yzzgcg_approve,1,1,0,0
pm_purchase_tp_result_purchase_yzzgcg_approve,pm.purchase.tp.result,model_pm_purchase_tp_result,group_purchase_yzzgcg_approve,1,1,0,0
pm_purchase_tp_suggest_purchase_yzzgcg_approve,pm.purchase.tp.suggest,model_pm_purchase_tp_suggest,group_purchase_yzzgcg_approve,1,1,0,0
pm_purchase_trace_purchase_yzzgcg_approve,pm.purchase.trace,model_pm_purchase_trace,group_purchase_yzzgcg_approve,1,0,0,0
pm_purchase_goods_arrival_purchase_yzzgcg_approve,pm.purchase.goods.arrival,model_pm_purchase_goods_arrival,group_purchase_yzzgcg_approve,1,0,0,0
pm_purchase_payment_purchase_yzzgcg_approve,pm.purchase.payment,model_pm_purchase_payment,group_purchase_yzzgcg_approve,1,0,0,0
pm_purchase_last_goods_purchase_yzzgcg_approve,pm.purchase.last.goods,model_pm_purchase_last_goods,group_purchase_yzzgcg_approve,1,0,0,0
pm_purchase_last_goods_detail_purchase_yzzgcg_approve,pm.purchase.last.goods.detail,model_pm_purchase_last_goods_detail,group_purchase_yzzgcg_approve,1,0,0,0
pm_techservice_plan_purchase_yzzgcg_approve,pm.techservice.plan,model_pm_techservice_plan,group_purchase_yzzgcg_approve,1,0,0,0
,,,,,,,
sys_constant_purchase_yz_approve,sys.constant,configurations.model_sys_constant,group_purchase_yz_approve,1,0,0,0
oa_staff_basic_purchase_yz_approve,oa.staff.basic,oa.model_oa_staff_basic,group_purchase_yz_approve,1,0,0,0
oa_admin_org_purchase_yz_approve,oa.admin.org,configurations.model_oa_admin_org,group_purchase_yz_approve,1,0,0,0
oa_admin_role_purchase_yz_approve,oa.admin.role,configurations.model_oa_admin_role,group_purchase_yz_approve,1,0,0,0
pm_common_subject_purchase_yz_approve,pm.common.subject,configurations.model_pm_common_subject,group_purchase_yz_approve,1,0,0,0
pm_init_basic_purchase_yz_approve,pm.init.basic,model_pm_init_basic,group_purchase_yz_approve,1,0,0,0
pm_init_proj_apply_purchase_yz_approve,pm.init.proj.apply,model_pm_init_proj_apply,group_purchase_yz_approve,1,0,0,0
pm_init_proj_purchase_purchase_yz_approve,pm.init.proj.purchase,model_pm_init_proj_purchase,group_purchase_yz_approve,1,0,0,0
pm_init_proj_team_purchase_yz_approve,pm.init.proj.team,model_pm_init_proj_team,group_purchase_yz_approve,1,0,0,0
oa_project_role_purchase_yz_approve,oa.project.role,configurations.model_oa_project_role,group_purchase_yz_approve,1,0,0,0
pm_purchase_plan_purchase_yz_approve,pm.purchase.plan,model_pm_purchase_plan,group_purchase_yz_approve,1,1,0,0
pm_purchase_plan_goods_purchase_yz_approve,pm.purchase.plan.goods,model_pm_purchase_plan_goods,group_purchase_yz_approve,1,1,0,0
pm_purchase_zb_bd_purchase_yz_approve,pm.purchase.zb.bd,model_pm_purchase_zb_bd,group_purchase_yz_approve,1,1,0,0
pm_purchase_zb_bd_detail_purchase_yz_approve,pm.purchase.zb.bd.detail,model_pm_purchase_zb_bd_detail,group_purchase_yz_approve,1,1,0,0
pm_purchase_result_purchase_yz_approve,pm.purchase.result,model_pm_purchase_result,group_purchase_yz_approve,1,0,0,0
pm_purchase_zb_goods_purchase_yz_approve,pm.purchase.zb.goods,model_pm_purchase_zb_goods,group_purchase_yz_approve,1,0,0,0
pm_purchase_pb_result_purchase_yz_approve,pm.purchase.pb.result,model_pm_purchase_pb_result,group_purchase_yz_approve,1,0,0,0
pm_purchase_sb_result_purchase_yz_approve,pm.purchase.sb.result,model_pm_purchase_sb_result,group_purchase_yz_approve,1,0,0,0
pm_purchase_tp_result_purchase_yz_approve,pm.purchase.tp.result,model_pm_purchase_tp_result,group_purchase_yz_approve,1,0,0,0
pm_purchase_tp_suggest_purchase_yz_approve,pm.purchase.tp.suggest,model_pm_purchase_tp_suggest,group_purchase_yz_approve,1,0,0,0
pm_purchase_trace_purchase_yz_approve,pm.purchase.trace,model_pm_purchase_trace,group_purchase_yz_approve,1,0,0,0
pm_purchase_goods_arrival_purchase_yz_approve,pm.purchase.goods.arrival,model_pm_purchase_goods_arrival,group_purchase_yz_approve,1,0,0,0
pm_purchase_payment_purchase_yz_approve,pm.purchase.payment,model_pm_purchase_payment,group_purchase_yz_approve,1,0,0,0
pm_purchase_last_goods_purchase_yz_approve,pm.purchase.last.goods,model_pm_purchase_last_goods,group_purchase_yz_approve,1,0,0,0
pm_purchase_last_goods_detail_purchase_yz_approve,pm.purchase.last.goods.detail,model_pm_purchase_last_goods_detail,group_purchase_yz_approve,1,0,0,0
pm_techservice_plan_purchase_yz_approve,pm.techservice.plan,model_pm_techservice_plan,group_purchase_yz_approve,1,0,0,0
,,,,,,,
sys_constant_purchase_yzbgh_approve,sys.constant,configurations.model_sys_constant,group_purchase_yzbgh_approve,1,0,0,0
oa_staff_basic_purchase_yzbgh_approve,oa.staff.basic,oa.model_oa_staff_basic,group_purchase_yzbgh_approve,1,0,0,0
oa_admin_org_purchase_yzbgh_approve,oa.admin.org,configurations.model_oa_admin_org,group_purchase_yzbgh_approve,1,0,0,0
oa_admin_role_purchase_yzbgh_approve,oa.admin.role,configurations.model_oa_admin_role,group_purchase_yzbgh_approve,1,0,0,0
pm_common_subject_purchase_yzbgh_approve,pm.common.subject,configurations.model_pm_common_subject,group_purchase_yzbgh_approve,1,0,0,0
pm_init_basic_purchase_yzbgh_approve,pm.init.basic,model_pm_init_basic,group_purchase_yzbgh_approve,1,0,0,0
pm_init_proj_apply_purchase_yzbgh_approve,pm.init.proj.apply,model_pm_init_proj_apply,group_purchase_yzbgh_approve,1,0,0,0
pm_init_proj_purchase_purchase_yzbgh_approve,pm.init.proj.purchase,model_pm_init_proj_purchase,group_purchase_yzbgh_approve,1,0,0,0
pm_init_proj_team_purchase_yzbgh_approve,pm.init.proj.team,model_pm_init_proj_team,group_purchase_yzbgh_approve,1,0,0,0
oa_project_role_purchase_yzbgh_approve,oa.project.role,configurations.model_oa_project_role,group_purchase_yzbgh_approve,1,0,0,0
pm_purchase_plan_purchase_yzbgh_approve,pm.purchase.plan,model_pm_purchase_plan,group_purchase_yzbgh_approve,1,1,0,0
pm_purchase_plan_goods_purchase_yzbgh_approve,pm.purchase.plan.goods,model_pm_purchase_plan_goods,group_purchase_yzbgh_approve,1,1,0,0
pm_purchase_zb_bd_purchase_yzbgh_approve,pm.purchase.zb.bd,model_pm_purchase_zb_bd,group_purchase_yzbgh_approve,1,1,0,0
pm_purchase_zb_bd_detail_purchase_yzbgh_approve,pm.purchase.zb.bd.detail,model_pm_purchase_zb_bd_detail,group_purchase_yzbgh_approve,1,1,0,0
pm_purchase_result_purchase_yzbgh_approve,pm.purchase.result,model_pm_purchase_result,group_purchase_yzbgh_approve,1,0,0,0
pm_purchase_zb_goods_purchase_yzbgh_approve,pm.purchase.zb.goods,model_pm_purchase_zb_goods,group_purchase_yzbgh_approve,1,0,0,0
pm_purchase_pb_result_purchase_yzbgh_approve,pm.purchase.pb.result,model_pm_purchase_pb_result,group_purchase_yzbgh_approve,1,0,0,0
pm_purchase_sb_result_purchase_yzbgh_approve,pm.purchase.sb.result,model_pm_purchase_sb_result,group_purchase_yzbgh_approve,1,0,0,0
pm_purchase_tp_result_purchase_yzbgh_approve,pm.purchase.tp.result,model_pm_purchase_tp_result,group_purchase_yzbgh_approve,1,0,0,0
pm_purchase_tp_suggest_purchase_yzbgh_approve,pm.purchase.tp.suggest,model_pm_purchase_tp_suggest,group_purchase_yzbgh_approve,1,0,0,0
pm_purchase_trace_purchase_yzbgh_approve,pm.purchase.trace,model_pm_purchase_trace,group_purchase_yzbgh_approve,1,0,0,0
pm_purchase_goods_arrival_purchase_yzbgh_approve,pm.purchase.goods.arrival,model_pm_purchase_goods_arrival,group_purchase_yzbgh_approve,1,0,0,0
pm_purchase_payment_purchase_yzbgh_approve,pm.purchase.payment,model_pm_purchase_payment,group_purchase_yzbgh_approve,1,0,0,0
pm_purchase_last_goods_purchase_yzbgh_approve,pm.purchase.last.goods,model_pm_purchase_last_goods,group_purchase_yzbgh_approve,1,0,0,0
pm_purchase_last_goods_detail_purchase_yzbgh_approve,pm.purchase.last.goods.detail,model_pm_purchase_last_goods_detail,group_purchase_yzbgh_approve,1,0,0,0
pm_techservice_plan_purchase_yzbgh_approve,pm.techservice.plan,model_pm_techservice_plan,group_purchase_yzbgh_approve,1,0,0,0
,,,,,,,
sys_constant_purchase_jt_approve,sys.constant,configurations.model_sys_constant,group_purchase_jt_approve,1,0,0,0
oa_staff_basic_purchase_jt_approve,oa.staff.basic,oa.model_oa_staff_basic,group_purchase_jt_approve,1,0,0,0
oa_admin_org_purchase_jt_approve,oa.admin.org,configurations.model_oa_admin_org,group_purchase_jt_approve,1,0,0,0
oa_admin_role_purchase_jt_approve,oa.admin.role,configurations.model_oa_admin_role,group_purchase_jt_approve,1,0,0,0
pm_common_subject_purchase_jt_approve,pm.common.subject,configurations.model_pm_common_subject,group_purchase_jt_approve,1,0,0,0
pm_init_basic_purchase_jt_approve,pm.init.basic,model_pm_init_basic,group_purchase_jt_approve,1,0,0,0
pm_init_proj_apply_purchase_jt_approve,pm.init.proj.apply,model_pm_init_proj_apply,group_purchase_jt_approve,1,0,0,0
pm_init_proj_purchase_purchase_jt_approve,pm.init.proj.purchase,model_pm_init_proj_purchase,group_purchase_jt_approve,1,0,0,0
pm_init_proj_team_purchase_jt_approve,pm.init.proj.team,model_pm_init_proj_team,group_purchase_jt_approve,1,0,0,0
oa_project_role_purchase_jt_approve,oa.project.role,configurations.model_oa_project_role,group_purchase_jt_approve,1,0,0,0
pm_purchase_plan_purchase_jt_approve,pm.purchase.plan,model_pm_purchase_plan,group_purchase_jt_approve,1,1,0,0
pm_purchase_plan_goods_purchase_jt_approve,pm.purchase.plan.goods,model_pm_purchase_plan_goods,group_purchase_jt_approve,1,1,0,0
pm_purchase_zb_bd_purchase_jt_approve,pm.purchase.zb.bd,model_pm_purchase_zb_bd,group_purchase_jt_approve,1,1,0,0
pm_purchase_zb_bd_detail_purchase_jt_approve,pm.purchase.zb.bd.detail,model_pm_purchase_zb_bd_detail,group_purchase_jt_approve,1,1,0,0
pm_purchase_result_purchase_jt_approve,pm.purchase.result,model_pm_purchase_result,group_purchase_jt_approve,1,1,0,0
pm_purchase_zb_goods_purchase_jt_approve,pm.purchase.zb.goods,model_pm_purchase_zb_goods,group_purchase_jt_approve,1,1,0,0
pm_purchase_pb_result_purchase_jt_approve,pm.purchase.pb.result,model_pm_purchase_pb_result,group_purchase_jt_approve,1,1,0,0
pm_purchase_sb_result_purchase_jt_approve,pm.purchase.sb.result,model_pm_purchase_sb_result,group_purchase_jt_approve,1,1,0,0
pm_purchase_tp_result_purchase_jt_approve,pm.purchase.tp.result,model_pm_purchase_tp_result,group_purchase_jt_approve,1,1,0,0
pm_purchase_tp_suggest_purchase_jt_approve,pm.purchase.tp.suggest,model_pm_purchase_tp_suggest,group_purchase_jt_approve,1,1,0,0
pm_purchase_trace_purchase_jt_approve,pm.purchase.trace,model_pm_purchase_trace,group_purchase_jt_approve,1,0,0,0
pm_purchase_goods_arrival_purchase_jt_approve,pm.purchase.goods.arrival,model_pm_purchase_goods_arrival,group_purchase_jt_approve,1,0,0,0
pm_purchase_payment_purchase_jt_approve,pm.purchase.payment,model_pm_purchase_payment,group_purchase_jt_approve,1,0,0,0
pm_purchase_last_goods_purchase_jt_approve,pm.purchase.last.goods,model_pm_purchase_last_goods,group_purchase_jt_approve,1,0,0,0
pm_purchase_last_goods_detail_purchase_jt_approve,pm.purchase.last.goods.detail,model_pm_purchase_last_goods_detail,group_purchase_jt_approve,1,0,0,0
pm_techservice_plan_purchase_jt_approve,pm.techservice.plan,model_pm_techservice_plan,group_purchase_jt_approve,1,0,0,0
,,,,,,,
sys_constant_techservice_research_dean_approve,sys.constant,configurations.model_sys_constant,group_techservice_research_dean_approve,1,0,0,0
oa_staff_basic_techservice_research_dean_approve,oa.staff.basic,oa.model_oa_staff_basic,group_techservice_research_dean_approve,1,0,0,0
oa_admin_org_techservice_research_dean_approve,oa.admin.org,configurations.model_oa_admin_org,group_techservice_research_dean_approve,1,0,0,0
oa_admin_role_techservice_research_dean_approve,oa.admin.role,configurations.model_oa_admin_role,group_techservice_research_dean_approve,1,0,0,0
pm_common_subject_techservice_research_dean_approve,pm.common.subject,configurations.model_pm_common_subject,group_techservice_research_dean_approve,1,0,0,0
pm_init_basic_techservice_research_dean_approve,pm.init.basic,model_pm_init_basic,group_techservice_research_dean_approve,1,0,0,0
pm_init_proj_apply_techservice_research_dean_approve,pm.init.proj.apply,model_pm_init_proj_apply,group_techservice_research_dean_approve,1,0,0,0
pm_init_proj_team_techservice_research_dean_approve,pm.init.proj.team,model_pm_init_proj_team,group_techservice_research_dean_approve,1,0,0,0
oa_project_role_techservice_research_dean_approve,oa.project.role,configurations.model_oa_project_role,group_techservice_research_dean_approve,1,0,0,0
pm_init_proj_schedule_techservice_research_dean_approve,pm.init.proj.schedule,model_pm_init_proj_schedule,group_techservice_research_dean_approve,1,0,0,0
pm_init_proj_purchase_techservice_research_dean_approve,pm.init.proj.purchase,model_pm_init_proj_purchase,group_techservice_research_dean_approve,1,0,0,0
pm_init_budget_techservice_research_dean_approve,pm.init.budget,model_pm_init_budget,group_techservice_research_dean_approve,1,0,0,0
pm_init_reply_infos_techservice_research_dean_approve,pm.init.reply.infos,model_pm_init_reply_infos,group_techservice_research_dean_approve,1,0,0,0
pm_techservice_plan_techservice_research_dean_approve,pm.techservice.plan,model_pm_techservice_plan,group_techservice_research_dean_approve,1,1,0,0
pm_techservice_init_techservice_research_dean_approve,pm.techservice.init,model_pm_techservice_init,group_techservice_research_dean_approve,1,0,0,0
pm_techservice_check_techservice_research_dean_approve,pm.techservice.check,model_pm_techservice_check,group_techservice_research_dean_approve,1,0,0,0
pm_techservice_check_attachment_techservice_research_dean_approve,pm.techservice.check.attachment,model_pm_techservice_check_attachment,group_techservice_research_dean_approve,1,0,0,0
pm_techservice_document_techservice_research_dean_approve,pm.techservice.document,model_pm_techservice_document,group_techservice_research_dean_approve,1,0,0,0
pm_techservice_document_version_techservice_research_dean_approve,pm.techservice.document.version,model_pm_techservice_document_version,group_techservice_research_dean_approve,1,0,0,0
pm_techservice_acceptance_techservice_research_dean_approve,pm.techservice.acceptance,model_pm_techservice_acceptance,group_techservice_research_dean_approve,1,0,0,0
pm_techservice_unit_acceptance_attachment_techservice_research_dean_approve,pm.techservice.unit.acceptance.attachment,model_pm_techservice_unit_acceptance_attachment,group_techservice_research_dean_approve,1,0,0,0
pm_techservice_rd_acceptance_attachment_techservice_research_dean_approve,pm.techservice.rd.acceptance.attachment,model_pm_techservice_rd_acceptance_attachment,group_techservice_research_dean_approve,1,0,0,0
pm_purchase_plan_techservice_research_dean_approve,pm.purchase.plan,model_pm_purchase_plan,group_techservice_research_dean_approve,1,0,0,0
pm_purchase_plan_goods_techservice_research_dean_approve,pm.purchase.plan.goods,model_pm_purchase_plan_goods,group_techservice_research_dean_approve,1,0,0,0
pm_purchase_zb_bd_techservice_research_dean_approve,pm.purchase.zb.bd,model_pm_purchase_zb_bd,group_techservice_research_dean_approve,1,0,0,0
pm_purchase_zb_bd_detail_techservice_research_dean_approve,pm.purchase.zb.bd.detail,model_pm_purchase_zb_bd_detail,group_techservice_research_dean_approve,1,0,0,0
pm_purchase_result_techservice_research_dean_approve,pm.purchase.result,model_pm_purchase_result,group_techservice_research_dean_approve,1,0,0,0
pm_purchase_zb_goods_techservice_research_dean_approve,pm.purchase.zb.goods,model_pm_purchase_zb_goods,group_techservice_research_dean_approve,1,0,0,0
pm_purchase_pb_result_techservice_research_dean_approve,pm.purchase.pb.result,model_pm_purchase_pb_result,group_techservice_research_dean_approve,1,0,0,0
pm_purchase_sb_result_techservice_research_dean_approve,pm.purchase.sb.result,model_pm_purchase_sb_result,group_techservice_research_dean_approve,1,0,0,0
pm_purchase_tp_result_techservice_research_dean_approve,pm.purchase.tp.result,model_pm_purchase_tp_result,group_techservice_research_dean_approve,1,0,0,0
pm_purchase_tp_suggest_techservice_research_dean_approve,pm.purchase.tp.suggest,model_pm_purchase_tp_suggest,group_techservice_research_dean_approve,1,0,0,0
pm_purchase_trace_techservice_research_dean_approve,pm.purchase.trace,model_pm_purchase_trace,group_techservice_research_dean_approve,1,0,0,0
pm_purchase_goods_arrival_techservice_research_dean_approve,pm.purchase.goods.arrival,model_pm_purchase_goods_arrival,group_techservice_research_dean_approve,1,0,0,0
pm_purchase_payment_techservice_research_dean_approve,pm.purchase.payment,model_pm_purchase_payment,group_techservice_research_dean_approve,1,0,0,0
pm_purchase_last_goods_techservice_research_dean_approve,pm.purchase.last.goods,model_pm_purchase_last_goods,group_techservice_research_dean_approve,1,0,0,0
pm_purchase_last_goods_detail_techservice_research_dean_approve,pm.purchase.last.goods.detail,model_pm_purchase_last_goods_detail,group_techservice_research_dean_approve,1,0,0,0
,,,,,,,
sys_constant_all_read,sys.constant,configurations.model_sys_constant,group_all_read,1,0,0,0
oa_staff_basic_all_read,oa.staff.basic,oa.model_oa_staff_basic,group_all_read,1,0,0,0
oa_admin_org_all_read,oa.admin.org,configurations.model_oa_admin_org,group_all_read,1,0,0,0
oa_admin_role_all_read,oa.admin.role,configurations.model_oa_admin_role,group_all_read,1,0,0,0
pm_common_subject_all_read,pm.common.subject,configurations.model_pm_common_subject,group_all_read,1,0,0,0
oa_project_role_all_read,oa.project.role,configurations.model_oa_project_role,group_all_read,1,0,0,0
pm_init_basic_all_read,pm.init.basic,model_pm_init_basic,group_all_read,1,0,0,0
pm_init_proj_apply_all_read,pm.init.proj.apply,model_pm_init_proj_apply,group_all_read,1,0,0,0
pm_init_proj_team_all_read,pm.init.proj.team,model_pm_init_proj_team,group_all_read,1,0,0,0
pm_init_proj_schedule_all_read,pm.init.proj.schedule,model_pm_init_proj_schedule,group_all_read,1,0,0,0
pm_init_proj_purchase_all_read,pm.init.proj.purchase,model_pm_init_proj_purchase,group_all_read,1,0,0,0
pm_init_budget_all_read,pm.init.budget,model_pm_init_budget,group_all_read,1,0,0,0
pm_init_reply_infos_all_read,pm.init.reply.infos,model_pm_init_reply_infos,group_all_read,1,0,0,0
pm_acceptance_all_read,pm.acceptance,model_pm_acceptance,group_all_read,1,0,0,0
pm_acceptance_attachments_all_read,pm.acceptance.attachments,model_pm_acceptance_attachments,group_all_read,1,0,0,0
pm_fund_account_all_read,pm.fund.account,model_pm_fund_account,group_all_read,1,0,0,0
pm_fund_assignplan_all_read,pm.fund.assignplan,model_pm_fund_assignplan,group_all_read,1,0,0,0
pm_fund_arrived_all_read,pm.fund.arrived,model_pm_fund_arrived,group_all_read,1,0,0,0
pm_fund_proj_monthplan_all_read,pm.fund.proj.monthplan,model_pm_fund_proj_monthplan,group_all_read,1,0,0,0
pm_fund_proj_monthplan_detail_all_read,pm.fund.proj.monthplan.detail,model_pm_fund_proj_monthplan_detail,group_all_read,1,0,0,0
pm_fund_use_apply_all_read,pm.fund.use.apply,model_pm_fund_use_apply,group_all_read,1,1,1,0
pm_fund_aptrip_info_all_read,pm.fund.aptrip.info,model_pm_fund_aptrip_info,group_all_read,1,1,1,0
pm_fund_goods_info_all_read,pm.fund.goods.info,model_pm_fund_goods_info,group_all_read,1,1,1,0
pm_fund_bc_apply_all_read,pm.fund.bc.apply,model_pm_fund_bc_apply,group_all_read,1,0,0,0
pm_fund_budget_version_all_read,pm.fund.budget.version,model_pm_fund_budget_version,group_all_read,1,0,0,0
pm_fund_budget_version_detail_all_read,pm.fund.budget.version.detail,model_pm_fund_budget_version_detail,group_all_read,1,0,0,0
pm_techservice_plan_all_read,pm.techservice.plan,model_pm_techservice_plan,group_all_read,1,0,0,0
pm_techservice_init_all_read,pm.techservice.init,model_pm_techservice_init,group_all_read,1,0,0,0
pm_techservice_check_all_read,pm.techservice.check,model_pm_techservice_check,group_all_read,1,0,0,0
pm_techservice_check_attachment_all_read,pm.techservice.check.attachment,model_pm_techservice_check_attachment,group_all_read,1,0,0,0
pm_techservice_document_all_read,pm.techservice.document,model_pm_techservice_document,group_all_read,1,0,0,0
pm_techservice_document_version_all_read,pm.techservice.document.version,model_pm_techservice_document_version,group_all_read,1,0,0,0
pm_techservice_acceptance_all_read,pm.techservice.acceptance,model_pm_techservice_acceptance,group_all_read,1,0,0,0
pm_techservice_unit_acceptance_attachment_all_read,pm.techservice.unit.acceptance.attachment,model_pm_techservice_unit_acceptance_attachment,group_all_read,1,0,0,0
pm_techservice_rd_acceptance_attachment_all_read,pm.techservice.rd.acceptance.attachment,model_pm_techservice_rd_acceptance_attachment,group_all_read,1,0,0,0
pm_impl_month_plan_all_read,pm.impl.month.plan,model_pm_impl_month_plan,group_all_read,1,0,0,0
pm_impl_month_content_all_read,pm.impl.month.content,model_pm_impl_month_content,group_all_read,1,0,0,0
pm_impl_quarter_plan_all_read,pm.impl.quarter.plan,model_pm_impl_quarter_plan,group_all_read,1,0,0,0
pm_impl_organ_month_plan_all_read,pm.impl.organ.month.plan,model_pm_impl_organ_month_plan,group_all_read,1,0,0,0
pm_impl_organ_plan_content_all_read,pm.impl.organ.plan.content,model_pm_impl_organ_plan_content,group_all_read,1,0,0,0
pm_impl_check_plan_all_read,pm.impl.check.plan,model_pm_impl_check_plan,group_all_read,1,0,0,0
pm_impl_project_list_all_read,pm.impl.project.list,model_pm_impl_project_list,group_all_read,1,0,0,0
pm_impl_file_list_all_read,pm.impl.file.list,model_pm_impl_file_list,group_all_read,1,0,0,0
pm_impl_inform_officer_all_read,pm.impl.inform.officer,model_pm_impl_inform_officer,group_all_read,1,0,0,0
pm_impl_file_upload_all_read,pm.impl.file.upload,model_pm_impl_file_upload,group_all_read,1,0,0,0
pm_impl_file_attach_all_read,pm.impl.file.attach,model_pm_impl_file_attach,group_all_read,1,0,0,0
pm_impl_check_result_all_read,pm.impl.check.result,model_pm_impl_check_result,group_all_read,1,0,0,0
pm_impl_check_result_attach_all_read,pm.impl.check.result.attach,model_pm_impl_check_result_attach,group_all_read,1,0,0,0
pm_impl_procedural_document_all_read,pm.impl.procedural.document,model_pm_impl_procedural_document,group_all_read,1,0,0,0
pm_impl_version_info_all_read,pm.impl.version.info,model_pm_impl_version_info,group_all_read,1,0,0,0
pm_impl_update_all_read,pm.impl.update,model_pm_impl_update,group_all_read,1,0,0,0
pm_impl_staff_baseline_all_read,pm.impl.staff.baseline,model_pm_impl_staff_baseline,group_all_read,1,0,0,0
pm_impl_staff_baseline_version_all_read,pm.impl.staff.baseline.version,model_pm_impl_staff_baseline_version,group_all_read,1,0,0,0
pm_impl_plan_baseline_all_read,pm.impl.plan.baseline,model_pm_impl_plan_baseline,group_all_read,1,0,0,0
pm_impl_plan_baseline_version_all_read,pm.impl.plan.baseline.version,model_pm_impl_plan_baseline_version,group_all_read,1,0,0,0
pm_impl_task_all_read,pm.impl.task,model_pm_impl_task,group_all_read,0,0,0,0
pm_impl_task_stage_all_read,pm.impl.task.stage,model_pm_impl_task_stage,group_all_read,1,0,0,0
pm_impl_task_project_all_read,pm.impl.task.project,model_pm_impl_task_project,group_all_read,0,0,0,0
pm_impl_plan_execution_statistics_all_read,pm.impl.plan.execution.statistics,model_pm_impl_plan_execution_statistics,group_all_read,0,0,0,0
pm_purchase_plan_all_read,pm.purchase.plan,model_pm_purchase_plan,group_all_read,1,0,0,0
pm_purchase_plan_goods_all_read,pm.purchase.plan.goods,model_pm_purchase_plan_goods,group_all_read,1,0,0,0
pm_purchase_zb_bd_all_read,pm.purchase.zb.bd,model_pm_purchase_zb_bd,group_all_read,1,0,0,0
pm_purchase_zb_bd_detail_all_read,pm.purchase.zb.bd.detail,model_pm_purchase_zb_bd_detail,group_all_read,1,0,0,0
pm_purchase_result_all_read,pm.purchase.result,model_pm_purchase_result,group_all_read,1,0,0,0
pm_purchase_zb_goods_all_read,pm.purchase.zb.goods,model_pm_purchase_zb_goods,group_all_read,1,0,0,0
pm_purchase_pb_result_all_read,pm.purchase.pb.result,model_pm_purchase_pb_result,group_all_read,1,0,0,0
pm_purchase_sb_result_all_read,pm.purchase.sb.result,model_pm_purchase_sb_result,group_all_read,1,0,0,0
pm_purchase_tp_result_all_read,pm.purchase.tp.result,model_pm_purchase_tp_result,group_all_read,1,0,0,0
pm_purchase_tp_suggest_all_read,pm.purchase.tp.suggest,model_pm_purchase_tp_suggest,group_all_read,1,0,0,0
pm_purchase_trace_all_read,pm.purchase.trace,model_pm_purchase_trace,group_all_read,1,0,0,0
pm_purchase_goods_arrival_all_read,pm.purchase.goods.arrival,model_pm_purchase_goods_arrival,group_all_read,1,0,0,0
pm_purchase_payment_all_read,pm.purchase.payment,model_pm_purchase_payment,group_all_read,1,0,0,0
pm_purchase_last_goods_all_read,pm.purchase.last.goods,model_pm_purchase_last_goods,group_all_read,1,0,0,0
pm_purchase_last_goods_detail_all_read,pm.purchase.last.goods.detail,model_pm_purchase_last_goods_detail,group_all_read,1,0,0,0
pm_archives_project_archives_all_read,pm.archives.project.archives,model_pm_archives_project_archives,group_all_read,1,0,0,0
pm_archives_project_archives_directory_all_read,pm.archives.project.archives.directory,model_pm_archives_project_archives_directory,group_all_read,1,0,0,0
pm_achievement_award_all_read,pm.achievement.award,model_pm_achievement_award,group_all_read,1,0,0,0
pm_achievement_award_personlist_all_read,pm.achievement.award.personlist,model_pm_achievement_award_personlist,group_all_read,1,0,0,0
pm_achievement_criterion_all_read,pm.achievement.criterion,model_pm_achievement_criterion,group_all_read,1,0,0,0
pm_achievement_paper_all_read,pm.achievement.paper,model_pm_achievement_paper,group_all_read,1,0,0,0
pm_achievement_paper_author_all_read,pm.achievement.paper.author,model_pm_achievement_paper_author,group_all_read,1,0,0,0
pm_achievement_patent_all_read,pm.achievement.patent,model_pm_achievement_patent,group_all_read,1,0,0,0
pm_achievement_software_copyright_all_read,pm.achievement.software.copyright,model_pm_achievement_software_copyright,group_all_read,1,0,0,0
pm_init_proposal_document_all_read,pm.proposal.documents,model_pm_proposal_documents,group_all_read,1,0,0,0
pm_init_proposal_version_document_all_read,pm.proposal.version.info,model_pm_proposal_version_info,group_all_read,1,0,0,0
,,,,,,,
sys_constant_fund_fd_read,sys.constant,configurations.model_sys_constant,group_fd_read,1,0,0,0
oa_staff_basic_fund_fd_read,oa.staff.basic,oa.model_oa_staff_basic,group_fd_read,1,0,0,0
oa_admin_org_fund_fd_read,oa.admin.org,configurations.model_oa_admin_org,group_fd_read,1,0,0,0
oa_admin_role_fund_fd_read,oa.admin.role,configurations.model_oa_admin_role,group_fd_read,1,0,0,0
pm_common_subject_fund_fd_read,pm.common.subject,configurations.model_pm_common_subject,group_fd_read,1,0,0,0
oa_project_role_fund_fd_read,oa.project.role,configurations.model_oa_project_role,group_fd_read,1,0,0,0
pm_init_basic_fund_fd_read,pm.init.basic,model_pm_init_basic,group_fd_read,1,0,0,0
pm_init_proj_apply_fund_fd_read,pm.init.proj.apply,model_pm_init_proj_apply,group_fd_read,1,0,0,0
pm_init_proj_team_fund_fd_read,pm.init.proj.team,model_pm_init_proj_team,group_fd_read,1,0,0,0
pm_init_proj_schedule_fund_fd_read,pm.init.proj.schedule,model_pm_init_proj_schedule,group_fd_read,1,0,0,0
pm_init_proj_purchase_fund_fd_read,pm.init.proj.purchase,model_pm_init_proj_purchase,group_fd_read,1,0,0,0
pm_init_budget_fund_fd_read,pm.init.budget,model_pm_init_budget,group_fd_read,1,0,0,0
pm_init_reply_infos_fund_fd_read,pm.init.reply.infos,model_pm_init_reply_infos,group_fd_read,1,0,0,0
pm_fund_account_fund_fd_read,pm.fund.account,model_pm_fund_account,group_fd_read,1,1,1,1
pm_fund_assignplan_fund_fd_read,pm.fund.assignplan,model_pm_fund_assignplan,group_fd_read,1,1,1,1
pm_fund_arrived_fund_fd_read,pm.fund.arrived,model_pm_fund_arrived,group_fd_read,1,1,1,1
pm_fund_proj_monthplan_fund_fd_read,pm.fund.proj.monthplan,model_pm_fund_proj_monthplan,group_fd_read,1,0,0,0
pm_fund_proj_monthplan_detail_fund_fd_read,pm.fund.proj.monthplan.detail,model_pm_fund_proj_monthplan_detail,group_fd_read,1,0,0,0
pm_fund_use_apply_fund_fd_read,pm.fund.use.apply,model_pm_fund_use_apply,group_fd_read,1,1,1,0
pm_fund_aptrip_info_fund_fd_read,pm.fund.aptrip.info,model_pm_fund_aptrip_info,group_fd_read,1,1,1,1
pm_fund_goods_info_fund_fd_read,pm.fund.goods.info,model_pm_fund_goods_info,group_fd_read,1,1,1,1
pm_fund_bc_apply_fund_fd_read,pm.fund.bc.apply,model_pm_fund_bc_apply,group_fd_read,1,0,0,0
pm_fund_budget_version_fund_fd_read,pm.fund.budget.version,model_pm_fund_budget_version,group_fd_read,1,1,1,1
pm_fund_budget_version_detail_fund_fd_read,pm.fund.budget.version.detail,model_pm_fund_budget_version_detail,group_fd_read,1,1,1,1
pm_purchase_plan_purchase_cai_read,pm.purchase.plan,model_pm_purchase_plan,group_fd_read,1,0,0,0
pm_purchase_plan_goods_purchase_cai_read,pm.purchase.plan.goods,model_pm_purchase_plan_goods,group_fd_read,1,0,0,0
pm_purchase_zb_bd_purchase_cai_read,pm.purchase.zb.bd,model_pm_purchase_zb_bd,group_fd_read,1,0,0,0
pm_purchase_zb_bd_detail_purchase_cai_read,pm.purchase.zb.bd.detail,model_pm_purchase_zb_bd_detail,group_fd_read,1,0,0,0
pm_purchase_result_purchase_cai_read,pm.purchase.result,model_pm_purchase_result,group_fd_read,1,0,0,0
pm_purchase_zb_goods_purchase_cai_read,pm.purchase.zb.goods,model_pm_purchase_zb_goods,group_fd_read,1,0,0,0
pm_purchase_pb_result_purchase_cai_read,pm.purchase.pb.result,model_pm_purchase_pb_result,group_fd_read,1,0,0,0
pm_purchase_sb_result_purchase_cai_read,pm.purchase.sb.result,model_pm_purchase_sb_result,group_fd_read,1,0,0,0
pm_purchase_tp_result_purchase_cai_read,pm.purchase.tp.result,model_pm_purchase_tp_result,group_fd_read,1,0,0,0
pm_purchase_tp_suggest_purchase_cai_read,pm.purchase.tp.suggest,model_pm_purchase_tp_suggest,group_fd_read,1,0,0,0
pm_purchase_trace_purchase_cai_read,pm.purchase.trace,model_pm_purchase_trace,group_fd_read,1,0,0,0
pm_purchase_goods_arrival_purchase_cai_read,pm.purchase.goods.arrival,model_pm_purchase_goods_arrival,group_fd_read,1,0,0,0
pm_purchase_payment_purchase_cai_read,pm.purchase.payment,model_pm_purchase_payment,group_fd_read,1,0,0,0
pm_purchase_last_goods_purchase_cai_read,pm.purchase.last.goods,model_pm_purchase_last_goods,group_fd_read,1,0,0,0
pm_purchase_last_goods_detail_purchase_cai_read,pm.purchase.last.goods.detail,model_pm_purchase_last_goods_detail,group_fd_read,1,0,0,0
,,,,,,,
pm_init_basic_fhapproved_read_write,pm.init.basic,model_pm_init_basic,group_init_apply_fhapproved,1,1,0,0
pm_init_proj_apply_fhapproved_read_write,pm.init.proj.apply,model_pm_init_proj_apply,group_init_apply_fhapproved,1,1,0,0
pm_init_proj_team_fhapproved_read_write,pm.init.proj.team,model_pm_init_proj_team,group_init_apply_fhapproved,1,1,0,0
pm_init_proj_schedule_fhapproved_read_write,pm.init.proj.schedule,model_pm_init_proj_schedule,group_init_apply_fhapproved,1,1,0,0
pm_init_proj_purchase_fhapproved_read_write,pm.init.proj.purchase,model_pm_init_proj_purchase,group_init_apply_fhapproved,1,1,0,0
pm_init_budget_fund_fhapproved_read_write,pm.init.budget,model_pm_init_budget,group_init_apply_fhapproved,1,1,0,0
pm_init_reply_infos_fhapproved_read_write,pm.init.reply.infos,model_pm_init_reply_infos,group_init_apply_fhapproved,1,1,0,0
